Tiempo,Carga,Extensión de tracción
s,N,mm
0,0.25441,0.00011
0.1,17.75244,0.01695
0.2,52.51681,0.05468
0.3,82.20963,0.092
0.4,108.18626,0.12843
0.5,131.54576,0.16463
0.6,152.92879,0.20051
0.7,172.46993,0.237
0.8,190.4827,0.27379
0.9,206.86999,0.31138
1,222.09404,0.34953
1.1,236.09903,0.38844
1.2,249.10383,0.42802
1.3,261.16468,0.46838
1.4,272.26206,0.50934
1.5,282.50596,0.55102
1.6,291.96611,0.59318
1.7,300.7222,0.63574
1.8,308.79175,0.67892
1.9,316.31533,0.72243
2,323.27369,0.76626
2.1,329.85024,0.811
2.2,335.89359,0.85591
2.3,341.5747,0.90144
2.4,346.83082,0.94739
2.5,351.73155,0.99368
2.6,356.28926,1.04078
2.7,360.50867,1.08813
2.8,364.41531,1.13569
2.9,367.9505,1.18399
3,371.34502,1.23253
3.1,374.31382,1.28165
3.2,377.18631,1.33106
3.3,379.81842,1.38134
3.4,382.18807,1.43197
3.5,384.38521,1.48312
3.6,386.30418,1.53467
3.7,388.04311,1.61807
3.8,389.6571,1.70117
3.858,390.56804,1.74977
3.958,391.86612,1.83307
4.058,393.05165,1.91627
4.158,394.15766,1.99967
4.258,395.08335,2.08307
4.358,395.93302,2.16627
4.458,396.62451,2.24967
4.558,397.13379,2.33307
4.658,397.5727,2.41627
4.758,397.97932,2.49957
4.858,398.23849,2.58287
4.958,398.46499,2.66627
5.058,398.51606,2.74967
5.158,398.51252,2.83307
5.258,398.6571,2.91647
5.358,398.02663,2.99967
5.458,397.22353,3.08307
5.558,397.22554,3.16647
5.658,397.40425,3.24967
5.758,397.07053,3.33297
5.858,396.85275,3.41647
5.958,396.42967,3.49967
6.058,395.93145,3.58297
6.158,395.05273,3.66637
6.258,394.93714,3.74967
6.358,394.48358,3.83297
6.458,393.96912,3.91627
6.558,393.3293,3.99967
6.658,392.61296,4.08307
6.758,391.96033,4.16637
6.858,391.28881,4.24977
6.958,390.52587,4.33297
7.058,389.78852,4.41627
7.158,389.05378,4.49967
7.258,388.27296,4.58287
7.358,387.47326,4.66627
7.458,386.65343,4.74967
7.558,385.76528,4.83297
7.658,384.90776,4.91627
7.758,384.073,4.99977
7.858,383.18146,5.08307
7.958,382.23162,5.16627
8.058,381.34526,5.24967
8.158,380.40277,5.33317
8.258,379.44052,5.41627
8.358,378.45761,5.49957
8.458,377.4998,5.58297
8.558,376.481,5.66627
8.658,375.44273,5.74967
8.758,374.45236,5.83297
8.858,373.34133,5.91637
8.958,372.30257,5.99967
9.058,371.22209,6.08307
9.158,370.12603,6.16637
9.258,368.96791,6.24957
9.358,367.794,6.33307
9.458,366.6576,6.41647
9.558,365.46942,6.49967
9.658,364.17853,6.58287
9.758,362.91827,6.66637
9.858,361.62011,6.74957
9.958,360.25222,6.83297
10.058,358.90386,6.91637
10.158,357.42946,6.99967
10.258,355.97436,7.08287
10.358,354.49855,7.16637
10.458,352.93799,7.24967
10.558,351.28519,7.33307
10.658,349.60836,7.41647
10.758,347.91019,7.49977
10.858,346.17729,7.58297
10.958,344.3281,7.66627
11.058,342.53377,7.74957
11.158,340.65582,7.83307
11.258,338.72973,7.91627
11.358,336.72076,7.99957
11.458,334.74203,8.08307
11.558,332.74606,8.16627
11.658,330.65591,8.24977
11.758,328.51841,8.33307
11.858,326.34716,8.41627
11.958,324.23325,8.49977
12.058,322.0262,8.58297
12.158,319.76625,8.66627
12.258,317.47535,8.74967
12.358,315.17647,8.83307
12.458,312.85904,8.91627
12.558,310.49792,8.99967
12.658,308.00829,9.08307
12.758,305.62734,9.16637
12.858,303.07796,9.24947
12.958,300.55435,9.33307
13.058,297.92318,9.41637
13.158,295.25835,9.49957
13.258,292.48912,9.58297
13.358,289.74488,9.66627
13.458,286.8204,9.74967
13.558,283.91318,9.83307
13.658,281.02623,9.91627
13.758,278.04952,9.99977
13.858,275.04224,10.08287
13.958,272.0147,10.16627
14.058,269.0093,10.24967
14.158,265.98915,10.33307
14.258,263.11509,10.41637
14.358,260.2754,10.49957
14.458,257.59468,10.58307
14.558,255.02231,10.66637
14.658,252.67897,10.74977
14.758,250.45887,10.83297
14.858,248.38032,10.91627
14.958,246.59712,10.99967
15.058,244.92757,11.08287
15.158,243.36401,11.16627
15.258,241.94628,11.24957
15.358,240.75622,11.33307
15.458,239.58532,11.41627
15.558,238.59425,11.49967
15.658,237.71357,11.58307
15.758,236.87847,11.66627
15.858,236.28533,11.74967
15.958,235.67678,11.83307
16.058,234.98679,11.91627
16.158,234.45204,11.99967
16.258,234.05774,12.08307
16.358,233.64233,12.16627
16.458,233.24432,12.24967
16.558,232.92053,12.33297
16.658,232.62819,12.41637
16.758,232.36742,12.49957
16.858,232.16002,12.58297
16.958,231.94646,12.66637
17.058,231.68512,12.74957
17.158,231.55233,12.83297
17.258,231.3967,12.91637
17.358,231.24574,12.99967
17.458,231.05554,13.08297
17.558,230.92667,13.16637
17.658,230.81269,13.24967
17.758,230.65146,13.33307
17.858,230.62382,13.41627
17.958,230.62887,13.49967
18.058,230.52791,13.58287
18.158,230.50951,13.66627
18.258,230.45328,13.74977
18.358,230.38154,13.83307
18.458,230.36078,13.91627
18.558,230.36934,13.99977
18.658,230.39682,14.08307
18.758,230.37832,14.16627
18.858,230.41287,14.24967
18.958,230.40958,14.33317
19.058,230.34213,14.41627
19.158,230.31665,14.49957
19.258,230.31363,14.58297
19.358,230.28681,14.66637
19.458,230.24626,14.74967
19.558,230.23171,14.83307
19.658,230.19807,14.91627
19.758,230.17446,14.99967
19.858,230.13951,15.08317
19.958,230.13193,15.16647
20.058,230.10563,15.24966
20.158,230.17421,15.33317
20.258,230.27327,15.41636
20.358,230.34316,15.49967
20.458,230.43282,15.58297
20.558,230.53844,15.66637
20.658,230.70475,15.74967
20.758,230.80677,15.83307
20.858,230.84579,15.91637
20.958,230.94095,15.99967
21.058,230.94762,16.08307
21.158,231.02965,16.16657
21.258,231.0079,16.24967
21.358,231.02611,16.33296
21.458,230.99547,16.41636
21.558,231.02924,16.49967
21.658,231.01617,16.58297
21.758,231.1001,16.66627
21.858,231.17861,16.74967
21.958,231.22828,16.83307
22.058,231.29672,16.91627
22.158,231.34727,16.99967
22.258,231.41161,17.08307
22.358,231.48395,17.16627
22.458,231.63635,17.24967
22.558,231.68379,17.33317
22.658,231.68115,17.41636
22.758,231.73608,17.49987
22.858,231.79376,17.58297
22.958,231.80934,17.66627
23.058,231.81014,17.74967
23.158,231.83037,17.83297
23.258,231.8809,17.91647
23.358,231.89031,17.99967
23.458,231.99324,18.08307
23.558,232.04429,18.16627
23.658,232.1101,18.24967
23.758,232.17786,18.33307
23.858,232.20479,18.41627
23.958,232.20064,18.49966
24.058,232.21472,18.58307
24.158,232.23251,18.66637
24.258,232.25809,18.74967
24.358,232.2587,18.83297
24.458,232.26611,18.91627
24.558,232.26274,18.99967
24.658,232.27682,19.08297
24.758,232.32654,19.16637
24.858,232.33134,19.24966
24.958,232.40918,19.33307
25.058,232.40954,19.41627
25.158,232.47419,19.49966
25.258,232.49712,19.58297
25.358,232.59312,19.66637
25.458,232.62385,19.74967
25.558,232.6666,19.83307
25.658,232.65801,19.91627
25.758,232.67761,19.99967
25.858,232.65241,20.08307
25.958,232.6352,20.16627
26.058,232.63348,20.24966
26.158,232.59465,20.33307
26.258,232.5728,20.41627
26.358,232.56512,20.49966
26.458,232.54212,20.58297
26.558,232.46514,20.66627
26.658,232.42373,20.74957
26.758,232.48311,20.83326
26.858,232.37262,20.91627
26.958,232.29429,20.99957
27.058,232.30916,21.08307
27.158,232.33317,21.16627
27.258,232.32447,21.24967
27.358,232.33838,21.33286
27.458,232.37513,21.41626
27.558,232.39091,21.49967
27.658,232.38663,21.58296
27.758,232.35543,21.66627
27.858,232.37739,21.74967
27.958,232.38933,21.83297
28.058,232.412,21.91627
28.158,232.43051,21.99977
28.258,232.40069,22.08297
28.358,232.3948,22.16637
28.458,232.44116,22.24967
28.558,232.45446,22.33307
28.658,232.48313,22.41626
28.758,232.51284,22.49966
28.858,232.58174,22.58296
28.958,232.65991,22.66627
29.058,232.70633,22.74967
29.158,232.75735,22.83286
29.258,232.85214,22.91626
29.358,232.97165,22.99967
29.458,233.02767,23.08297
29.558,233.14616,23.16627
29.658,233.23173,23.24977
29.758,233.31692,23.33317
29.858,233.38985,23.41626
29.958,233.4295,23.49967
30.058,233.53059,23.58307
30.158,233.58813,23.66626
30.258,233.68502,23.74967
30.358,233.7786,23.83296
30.458,233.85271,23.91626
30.558,233.86165,23.99946
30.658,233.96598,24.08316
30.758,234.01452,24.16636
30.858,234.07487,24.24966
30.958,234.07696,24.33307
31.058,234.14643,24.41636
31.158,234.20194,24.49967
31.258,234.24,24.58286
31.358,234.26946,24.66627
31.458,234.25071,24.74967
31.558,234.21299,24.83307
31.658,234.18769,24.91637
31.758,234.13753,24.99967
31.858,234.12803,25.08307
31.958,234.15893,25.16627
32.058,234.11516,25.24966
32.158,234.13435,25.33297
32.258,234.22195,25.41647
32.358,234.27384,25.49967
32.458,234.27425,25.58286
32.558,234.26851,25.66627
32.658,234.32989,25.74966
32.758,234.38388,25.83307
32.858,234.38318,25.91636
32.958,234.38124,25.99977
33.058,234.37385,26.08297
33.158,234.42596,26.16616
33.258,234.48113,26.24966
33.358,234.45871,26.33307
33.458,234.45347,26.41636
33.558,234.47681,26.49977
33.658,234.45783,26.58306
33.758,234.39432,26.66626
33.858,234.41719,26.74966
33.958,234.46705,26.83296
34.058,234.4743,26.91646
34.158,234.49,26.99966
34.258,234.49594,27.08307
34.358,234.52913,27.16637
34.458,234.52666,27.24967
34.558,234.53921,27.33307
34.658,234.55666,27.41637
34.758,234.56752,27.49966
34.858,234.5952,27.58307
34.958,234.60554,27.66627
35.058,234.64251,27.74977
35.158,234.64104,27.83297
35.258,234.69945,27.91647
35.358,234.69627,27.99976
35.458,234.67848,28.08307
35.558,234.68645,28.16627
35.658,234.67608,28.24966
35.758,234.71994,28.33297
35.858,234.74751,28.41626
35.958,234.80592,28.49967
36.058,234.79996,28.58296
36.158,234.89069,28.66626
36.258,234.9457,28.74966
36.358,234.9543,28.83307
36.458,234.94203,28.91636
36.558,234.97254,28.99967
36.658,234.98869,29.08306
36.758,234.99748,29.16627
36.858,234.99705,29.24957
36.958,235.0039,29.33296
37.058,234.97863,29.41627
37.158,234.98908,29.49956
37.258,234.95225,29.58297
37.358,234.93221,29.66626
37.458,234.90321,29.74967
37.558,234.86607,29.83306
37.658,234.82744,29.91637
37.758,234.7696,29.99966
37.858,234.75504,30.08316
37.958,234.75414,30.16627
38.058,234.68707,30.24967
38.158,234.66131,30.33296
38.258,234.6947,30.41626
38.358,234.66183,30.49956
38.458,234.61975,30.58286
38.558,234.57222,30.66636
38.658,234.57199,30.74966
38.758,234.61962,30.83287
38.858,234.70463,30.91636
38.958,234.73471,30.99967
39.058,234.75109,31.08287
39.158,234.81682,31.16627
39.258,234.88857,31.24986
39.358,234.80253,31.33307
39.458,234.819,31.41626
39.558,234.82786,31.49966
39.658,234.86378,31.58296
39.758,234.86985,31.66626
39.858,234.87004,31.74976
39.958,234.83129,31.83307
40.058,234.79775,31.91627
40.158,234.78083,31.99966
40.258,234.68034,32.08307
40.358,234.61537,32.16626
40.458,234.5697,32.24966
40.558,234.5017,32.33306
40.658,234.41307,32.41637
40.758,234.38834,32.49966
40.858,234.34686,32.58297
40.958,234.32624,32.66636
41.058,234.27334,32.74966
41.158,234.25879,32.83306
41.258,234.19963,32.91637
41.358,234.15396,32.99966
41.458,234.19363,33.08326
41.558,234.17516,33.16636
41.658,234.1862,33.24966
41.758,234.2603,33.33306
41.858,234.28632,33.41646
41.958,234.33037,33.49957
42.058,234.34706,33.58296
42.158,234.3674,33.66627
42.258,234.3796,33.74976
42.358,234.3839,33.83307
42.458,234.37124,33.91636
42.558,234.35801,33.99966
42.658,234.40275,34.08297
42.758,234.46007,34.16636
42.858,234.45299,34.24987
42.958,234.50185,34.33296
43.058,234.5016,34.41636
43.158,234.53265,34.49966
43.258,234.52563,34.58287
43.358,234.5431,34.66626
43.458,234.56139,34.74967
43.558,234.50445,34.83296
43.658,234.51658,34.91626
43.758,234.4968,34.99966
43.858,234.50889,35.08297
43.958,234.49803,35.16616
44.058,234.48186,35.24976
44.158,234.46992,35.33307
44.258,234.43088,35.41637
44.358,234.45353,35.49976
44.458,234.43578,35.58307
44.558,234.41058,35.66627
44.658,234.44539,35.74966
44.758,234.43734,35.83307
44.858,234.48275,35.91636
44.958,234.51187,35.99957
45.058,234.53398,36.08306
45.158,234.51513,36.16626
45.258,234.55355,36.24956
45.358,234.65594,36.33307
45.458,234.67094,36.41636
45.558,234.66168,36.49966
45.658,234.746,36.58296
45.758,234.8529,36.66647
45.858,234.83951,36.74966
45.958,234.89296,36.83296
46.058,234.97472,36.91626
46.158,235.00072,36.99966
46.258,235.01555,37.08306
46.358,235.14405,37.16626
46.458,235.19093,37.24966
46.558,235.25009,37.33307
46.658,235.33488,37.41626
46.758,235.37999,37.49977
46.858,235.35369,37.58286
46.958,235.3625,37.66626
47.058,235.44906,37.74986
47.158,235.44626,37.83307
47.258,235.41827,37.91626
47.358,235.39897,37.99966
47.458,235.43943,38.08297
47.558,235.47655,38.16626
47.658,235.45852,38.24957
47.758,235.45226,38.33296
47.858,235.46787,38.41626
47.958,235.46809,38.49957
48.058,235.46113,38.58307
48.158,235.45494,38.66626
48.258,235.46401,38.74966
48.358,235.44513,38.83307
48.458,235.41503,38.91626
48.558,235.38023,38.99966
48.658,235.38077,39.08306
48.758,235.36026,39.16627
48.858,235.35511,39.24966
48.958,235.26413,39.33297
49.058,235.23936,39.41627
49.158,235.21455,39.49966
49.258,235.22897,39.58306
49.358,235.16022,39.66637
49.458,235.17009,39.74966
49.558,235.18234,39.83286
49.658,235.20626,39.91646
49.758,235.06425,39.99966
49.858,235.04229,40.08287
49.958,235.00925,40.16636
50.058,234.91476,40.24967
50.158,234.88251,40.33306
50.258,234.85376,40.41637
50.358,234.85595,40.49986
50.458,234.77368,40.58286
50.558,234.77346,40.66626
50.658,234.67937,40.74966
50.758,234.66477,40.83306
50.858,234.63029,40.91626
50.958,234.554,40.99976
51.058,234.51013,41.08307
51.158,234.47827,41.16627
51.258,234.47508,41.24966
51.358,234.48963,41.33307
51.458,234.42371,41.41636
51.558,234.4111,41.49966
51.658,234.37552,41.58306
51.758,234.38692,41.66626
51.858,234.3126,41.74966
51.958,234.30204,41.83307
52.058,234.24666,41.91626
52.158,234.24549,41.99966
52.258,234.24827,42.08306
52.358,234.26322,42.16626
52.458,234.15502,42.24966
52.558,234.10866,42.33307
52.658,234.06951,42.41647
52.758,234.01324,42.49966
52.858,233.89289,42.58287
52.958,233.89764,42.66626
53.058,233.85983,42.74966
53.158,233.80227,42.83296
53.258,233.716,42.91627
53.358,233.66965,42.99976
53.458,233.61253,43.08286
53.558,233.60828,43.16646
53.658,233.53962,43.24977
53.758,233.41788,43.33307
53.858,233.33618,43.41647
53.958,233.3077,43.49966
54.058,233.18736,43.58296
54.158,233.15212,43.66626
54.258,233.09218,43.74956
54.358,233.01652,43.83297
54.458,232.97057,43.91626
54.558,232.84458,43.99967
54.658,232.69545,44.08306
54.758,232.67411,44.16626
54.858,232.57608,44.24976
54.958,232.4873,44.33307
55.058,232.40479,44.41626
55.158,232.39613,44.49976
55.258,232.38124,44.58307
55.358,232.31659,44.66626
55.458,232.24322,44.74966
55.558,232.20725,44.83307
55.658,232.08804,44.91636
55.758,232.00098,44.99966
55.858,231.96757,45.08297
55.958,231.908,45.16626
56.058,231.78274,45.24957
56.158,231.74746,45.33326
56.258,231.70618,45.41636
56.358,231.68592,45.49966
56.458,231.59223,45.58307
56.558,231.51239,45.66636
56.658,231.43226,45.74976
56.758,231.36595,45.83306
56.858,231.3027,45.91636
56.958,231.25887,45.99976
57.058,231.21543,46.08296
57.158,231.24538,46.16626
57.258,231.24579,46.24966
57.358,231.20375,46.33306
57.458,231.22126,46.41646
57.558,231.16862,46.49966
57.658,231.15752,46.58296
57.758,231.10503,46.66626
57.858,231.07586,46.74966
57.958,231.05418,46.83306
58.058,230.97249,46.91627
58.158,230.97536,46.99976
58.258,230.98409,47.08297
58.358,230.89759,47.16636
58.458,230.86036,47.24966
58.558,230.78952,47.33306
58.658,230.77747,47.41626
58.758,230.78999,47.49966
58.858,230.68834,47.58307
58.958,230.60249,47.66626
59.058,230.60665,47.74966
59.158,230.61097,47.83306
59.258,230.57612,47.91636
59.358,230.44886,47.99966
59.458,230.43351,48.08306
59.558,230.40522,48.16647
59.658,230.35277,48.24966
59.758,230.358,48.33297
59.858,230.32762,48.41637
59.958,230.30976,48.49966
60.058,230.29292,48.58286
60.158,230.27016,48.66636
60.258,230.24864,48.74956
60.358,230.23482,48.83286
60.458,230.21482,48.91626
60.558,230.18343,48.99966
60.658,230.11018,49.08306
60.758,230.04116,49.16626
60.858,230.05662,49.24977
60.958,230.03278,49.33316
61.058,229.96543,49.41626
61.158,229.96208,49.49966
61.258,229.9075,49.58286
61.358,229.91395,49.66626
61.458,229.89335,49.74976
61.558,229.81897,49.83306
61.658,229.79286,49.91626
61.758,229.80751,49.99976
61.858,229.78438,50.08295
61.958,229.74657,50.16627
62.058,229.82053,50.24966
62.158,229.76385,50.33307
62.258,229.72815,50.41626
62.358,229.74428,50.49946
62.458,229.74139,50.58307
62.558,229.65819,50.66626
62.658,229.63967,50.74966
62.758,229.64794,50.83307
62.858,229.62924,50.91636
62.958,229.64191,50.99956
63.058,229.66485,51.08296
63.158,229.61786,51.16626
63.258,229.54367,51.24957
63.358,229.53013,51.33306
63.458,229.51828,51.41646
63.558,229.48483,51.49966
63.658,229.45205,51.58297
63.758,229.42904,51.66636
63.858,229.42077,51.74976
63.958,229.39406,51.83316
64.05801,229.31445,51.91636
64.158,229.31112,51.99966
64.258,229.25854,52.08286
64.358,229.21396,52.16637
64.458,229.11604,52.24966
64.55801,229.12987,52.33296
64.658,229.06896,52.41626
64.758,229.06428,52.49966
64.858,229.05461,52.58307
64.958,229.0228,52.66626
65.05801,228.9851,52.74966
65.158,229.04929,52.83316
65.258,229.01509,52.91626
65.358,228.89331,52.99966
65.458,228.90279,53.08306
65.55801,228.89791,53.16626
65.65801,228.95347,53.24966
65.758,228.91646,53.33306
65.858,228.90426,53.41626
65.958,228.91354,53.49976
66.05801,228.91019,53.58306
66.15801,228.89199,53.66636
66.258,228.87373,53.74966
66.358,228.89331,53.83296
66.458,228.85138,53.91646
66.55801,228.91119,53.99966
66.65801,228.91447,54.08306
66.758,228.90668,54.16626
66.858,228.93313,54.24966
66.958,228.97435,54.33326
67.05801,229.00576,54.41636
67.15801,228.9415,54.49966
67.258,228.97946,54.58297
67.358,229.03213,54.66636
67.458,229.0312,54.74966
67.55801,229.06736,54.83296
67.65801,229.08302,54.91636
67.758,229.15917,54.99976
67.858,229.16283,55.08286
67.958,229.15218,55.16626
68.05801,229.20063,55.24967
68.15801,229.13972,55.33306
68.258,229.17343,55.41637
68.358,229.08816,55.49966
68.458,229.07287,55.58307
68.55801,229.03994,55.66646
68.65801,229.05907,55.74976
68.758,229.0019,55.83296
68.858,228.95103,55.91636
68.958,228.94101,55.99966
69.05801,228.92123,56.08306
69.15801,228.89316,56.16636
69.258,228.83387,56.24956
69.358,228.83814,56.33307
69.458,228.78395,56.41626
69.55801,228.7838,56.49966
69.65801,228.77201,56.58306
69.758,228.72595,56.66626
69.858,228.73264,56.74957
69.958,228.69376,56.83326
70.05801,228.58411,56.91636
70.15801,228.55094,56.99966
70.258,228.51832,57.08306
70.358,228.49375,57.16626
70.458,228.51819,57.24966
70.55801,228.50966,57.33295
70.65801,228.5138,57.41627
70.758,228.52352,57.49957
70.858,228.5845,57.58297
70.958,228.56884,57.66626
71.05801,228.58458,57.74966
71.15801,228.59029,57.83296
71.258,228.62371,57.91647
71.358,228.60806,57.99966
71.458,228.72088,58.08296
71.55801,228.72586,58.16626
71.65801,228.80828,58.24966
71.758,228.80716,58.33297
71.858,228.85382,58.41626
71.958,228.8888,58.49966
72.05801,228.88023,58.58295
72.15801,228.87575,58.66626
72.258,228.90747,58.74966
72.358,228.89785,58.83296
72.458,228.92721,58.91626
72.55801,228.97076,58.99976
72.65801,228.99373,59.08296
72.758,228.99751,59.16626
72.858,229.03321,59.24976
72.958,229.07941,59.33316
73.05801,229.03262,59.41637
73.15801,229.02925,59.49966
73.258,229.05042,59.58306
73.358,229.11029,59.66626
73.458,229.11754,59.74966
73.55801,229.13361,59.83306
73.65801,229.17412,59.91626
73.758,229.21564,59.99946
73.858,229.24684,60.08296
73.958,229.2588,60.16626
74.05801,229.2534,60.24966
74.15801,229.28949,60.33306
74.258,229.29315,60.41626
74.358,229.29238,60.49966
74.458,229.27566,60.58287
74.55801,229.277,60.66626
74.65801,229.24513,60.74966
74.758,229.16967,60.83306
74.858,229.1039,60.91647
74.958,229.089,60.99966
75.05801,229.00386,61.08306
75.15801,229.00017,61.16636
75.258,228.99453,61.24966
75.358,228.96687,61.33296
75.458,228.99292,61.41656
75.55801,229.02351,61.49976
75.65801,229.04225,61.58306
75.758,229.02867,61.66626
75.858,229.02196,61.74966
75.958,228.99693,61.83306
76.05801,228.964,61.91636
76.15801,228.94563,61.99976
76.258,228.94636,62.08306
76.358,228.94865,62.16626
76.458,228.98585,62.24986
76.55801,228.98527,62.33306
76.65801,228.96674,62.41626
76.758,229.02276,62.49976
76.858,229.04102,62.58296
76.958,229.00078,62.66626
77.05801,228.99959,62.74966
77.15801,229.01295,62.83296
77.258,229.02641,62.91626
77.358,229.01623,62.99956
77.458,228.96595,63.08296
77.55801,228.93129,63.16626
77.65801,228.89493,63.24966
77.758,228.87725,63.33306
77.858,228.89093,63.41626
77.958,228.85934,63.49966
78.05801,228.90944,63.58306
78.15801,228.9127,63.66626
78.258,228.9306,63.74966
78.358,228.91629,63.83296
78.458,228.91354,63.91636
78.55801,228.86531,63.99966
78.65801,228.82139,64.08296
78.758,228.79967,64.16626
78.858,228.77228,64.24966
78.958,228.75462,64.33286
79.05801,228.78986,64.41636
79.15801,228.79992,64.49976
79.258,228.80418,64.58295
79.358,228.78604,64.66626
79.458,228.84957,64.74976
79.55801,228.78733,64.83305
79.65801,228.79513,64.91626
79.758,228.82087,64.99966
79.858,228.84862,65.08306
79.958,228.84455,65.16626
80.05801,228.84535,65.24957
80.15801,228.90834,65.33305
80.258,228.93298,65.41626
80.358,228.96769,65.49956
80.458,228.99976,65.58306
80.55801,229.02369,65.66636
80.65801,229.02077,65.74956
80.758,229.00432,65.83315
80.858,228.99857,65.91636
80.958,228.99169,65.99976
81.05801,228.98605,66.08305
81.15801,229.04379,66.16626
81.258,229.0214,66.24966
81.358,229.07704,66.33295
81.458,229.03522,66.41626
81.55801,229.01572,66.49966
81.65801,229.06408,66.58286
81.758,229.064,66.66625
81.858,229.06713,66.74957
81.958,229.15719,66.83296
82.05801,229.17286,66.91636
82.15801,229.22378,66.99966
82.258,229.21052,67.08296
82.358,229.29218,67.16636
82.458,229.3523,67.24976
82.55801,229.29039,67.33286
82.65801,229.3239,67.41626
82.758,229.34264,67.49976
82.858,229.33654,67.58296
82.958,229.38829,67.66625
83.05801,229.37283,67.74966
83.15801,229.36566,67.83296
83.258,229.35592,67.91625
83.358,229.38641,67.99966
83.458,229.36853,68.08306
83.55801,229.29899,68.16626
83.65801,229.28761,68.24976
83.758,229.28629,68.33305
83.858,229.29072,68.41626
83.958,229.29892,68.49966
84.05801,229.37883,68.58306
84.15801,229.38173,68.66626
84.258,229.492,68.74966
84.358,229.50811,68.83316
84.45801,229.46758,68.91625
84.55801,229.48587,68.99956
84.65801,229.59827,69.08306
84.758,229.65424,69.16636
84.858,229.63692,69.24957
84.95801,229.75629,69.33316
85.05801,229.74826,69.41636
85.15801,229.76544,69.49986
85.258,229.69732,69.58296
85.358,229.70304,69.66636
85.45801,229.70494,69.74986
85.55801,229.66748,69.83306
85.65801,229.66959,69.91636
85.758,229.62552,69.99976
85.858,229.64364,70.08296
85.95801,229.62412,70.16646
86.05801,229.60847,70.24966
86.15801,229.54933,70.33286
86.258,229.55475,70.41636
86.358,229.56999,70.49965
86.45801,229.48237,70.58296
86.55801,229.42565,70.66636
86.65801,229.42327,70.74966
86.758,229.40157,70.83305
86.858,229.3762,70.91627
86.95801,229.3287,70.99966
87.05801,229.35817,71.08306
87.15801,229.32533,71.16626
87.258,229.29804,71.24976
87.358,229.25451,71.33306
87.45801,229.18623,71.41625
87.55801,229.23324,71.49986
87.65801,229.15805,71.58306
87.758,229.07039,71.66626
87.858,229.00738,71.74966
87.95801,229.01798,71.83305
88.05801,228.92827,71.91626
88.15801,228.88767,71.99966
88.258,228.81165,72.08296
88.358,228.79092,72.16636
88.45801,228.77485,72.24956
88.55801,228.76397,72.33306
88.65801,228.77159,72.41636
88.758,228.79971,72.49956
88.858,228.80543,72.58295
88.95801,228.89813,72.66656
89.05801,228.85839,72.74966
89.15801,228.91402,72.83296
89.258,228.92941,72.91626
89.358,228.94032,72.99976
89.45801,228.92177,73.08296
89.55801,228.9602,73.16626
89.65801,228.98825,73.24966
89.758,229.00281,73.33305
89.858,229.06959,73.41626
89.95801,229.05516,73.49966
90.05801,229.08518,73.58286
90.15801,229.09651,73.66625
90.258,229.2214,73.74986
90.358,229.19036,73.83306
90.45801,229.18059,73.91636
90.55801,229.20473,73.99966
90.65801,229.28957,74.08306
90.758,229.25084,74.16626
90.858,229.2205,74.24956
90.95801,229.25362,74.33306
91.05801,229.22715,74.41646
91.15801,229.22236,74.49966
91.258,229.21868,74.58295
91.358,229.19981,74.66626
91.45801,229.15537,74.74966
91.55801,229.1734,74.83295
91.65801,229.19735,74.91636
91.758,229.18724,74.99966
91.858,229.20448,75.08296
91.95801,229.22093,75.16646
92.05801,229.16084,75.24966
92.15801,229.17762,75.33296
92.258,229.11157,75.41637
92.358,229.07536,75.49965
92.45801,229.01898,75.58295
92.55801,229.00239,75.66636
92.65801,229.00673,75.74956
92.758,228.98741,75.83305
92.858,228.98387,75.91626
92.95801,228.99592,75.99976
93.05801,228.96925,76.08306
93.15801,229.00362,76.16645
93.258,229.03001,76.24966
93.358,229.00093,76.33306
93.45801,228.95765,76.41625
93.55801,229.0006,76.49976
93.65801,228.97566,76.58286
93.758,229.01688,76.66626
93.858,229.00501,76.74976
93.95801,229.01496,76.83296
94.05801,229.01371,76.91626
94.15801,229.07864,76.99966
94.258,229.09086,77.08305
94.358,229.06138,77.16626
94.45801,229.13812,77.24966
94.55801,229.17366,77.33306
94.65801,229.23335,77.41635
94.758,229.27256,77.49966
94.858,229.24984,77.58296
94.95801,229.28908,77.66656
95.05801,229.29657,77.74975
95.15801,229.30095,77.83306
95.258,229.34966,77.91636
95.358,229.3551,77.99956
95.45801,229.42906,78.08306
95.55801,229.42424,78.16626
95.65801,229.44549,78.24955
95.758,229.43359,78.33306
95.858,229.454,78.41626
95.95801,229.42431,78.49946
96.05801,229.40001,78.58296
96.15801,229.46773,78.66626
96.258,229.45715,78.74966
96.358,229.44445,78.83296
96.45801,229.41997,78.91625
96.55801,229.46319,78.99966
96.65801,229.45415,79.08286
96.758,229.44894,79.16636
96.858,229.43687,79.24986
96.95801,229.39317,79.33296
97.05801,229.34357,79.41646
97.15801,229.35575,79.49986
97.258,229.32326,79.58295
97.358,229.30384,79.66626
97.45801,229.32803,79.74966
97.55801,229.31281,79.83305
97.65801,229.30656,79.91626
97.758,229.28506,79.99976
97.858,229.23477,80.08306
97.95801,229.22786,80.16626
98.05801,229.1177,80.24976
98.15801,229.11306,80.33306
98.258,229.07041,80.41626
98.358,229.02103,80.49976
98.45801,229.05417,80.58306
98.55801,229.018,80.66637
98.65801,229.05394,80.74966
98.758,229.03858,80.83286
98.858,229.02736,80.91646
98.95801,228.99432,80.99966
99.05801,228.99987,81.08305
99.15801,228.95381,81.16626
99.258,229.0087,81.24946
99.358,229.06603,81.33306
99.45801,229.09934,81.41636
99.55801,229.10768,81.49966
99.65801,229.08537,81.58296
99.758,229.1226,81.66646
99.858,229.07492,81.74976
99.95801,229.0968,81.83295
100.05801,229.08868,81.91636
100.15801,229.11722,81.99966
100.258,229.15155,82.08286
100.358,229.16619,82.16626
100.45801,229.2061,82.24966
100.55801,229.1484,82.33286
100.65801,229.13156,82.41606
100.758,229.14002,82.49966
100.858,229.07289,82.58296
100.95801,229.05055,82.66636
101.05801,229.10466,82.74966
101.15801,229.11618,82.83305
101.258,229.05909,82.91626
101.358,229.10358,82.99966
101.45801,229.10906,83.08305
101.55801,229.09937,83.16626
101.65801,229.08589,83.24966
101.758,229.07434,83.33305
101.858,229.02401,83.41626
101.95801,229.07849,83.49956
102.05801,229.03128,83.58295
102.15801,229.03705,83.66626
102.258,229.08397,83.74966
102.358,229.06786,83.83316
102.45801,229.02867,83.91647
102.55801,228.95858,83.99966
102.65801,228.98687,84.08306
102.758,228.994,84.16625
102.858,228.96793,84.24966
102.95801,228.90341,84.33286
103.05801,228.92583,84.41646
103.15801,228.9311,84.49966
103.258,228.91216,84.58305
103.358,228.9026,84.66626
103.45801,228.87314,84.74966
103.55801,228.84522,84.83286
103.65801,228.88321,84.91647
103.758,228.85298,84.99966
103.858,228.78895,85.08305
103.95801,228.75864,85.16636
104.05801,228.75754,85.24966
104.15801,228.79899,85.33296
104.258,228.7636,85.41627
104.358,228.72571,85.49976
104.45801,228.73588,85.58286
104.55801,228.68853,85.66626
104.65801,228.62384,85.74986
104.758,228.56018,85.83295
104.858,228.5509,85.91626
104.95801,228.50014,85.99986
105.05801,228.409,86.08296
105.15801,228.37067,86.16625
105.258,228.38874,86.24976
105.358,228.3483,86.33305
105.45801,228.29171,86.41625
105.55801,228.24911,86.49946
105.65801,228.30235,86.58306
105.758,228.31831,86.66627
105.858,228.37842,86.74966
105.95801,228.4408,86.83305
106.05801,228.52473,86.91637
106.15801,228.54595,86.99957
106.258,228.65983,87.08326
106.358,228.68566,87.16626
106.45801,228.74497,87.24966
106.55801,228.79338,87.33306
106.65801,228.83432,87.41635
106.758,228.85591,87.49966
106.858,228.87548,87.58307
106.95801,228.95489,87.66625
107.05801,228.97799,87.74976
107.15801,229.01051,87.83306
107.258,229.02297,87.91626
107.358,229.00047,87.99966
107.45801,228.98663,88.08286
107.55801,228.91693,88.16646
107.65801,228.87159,88.24966
107.758,228.81115,88.33295
107.858,228.74946,88.41636
107.95801,228.71273,88.49966
108.05801,228.57634,88.58286
108.15801,228.50214,88.66625
108.258,228.38155,88.74957
108.358,228.33295,88.83306
108.45801,228.24181,88.91626
108.55801,228.20445,88.99965
108.65801,228.16939,89.08305
108.758,228.16574,89.16626
108.858,228.1585,89.24966
108.95801,228.1497,89.33315
109.05801,228.10286,89.41627
109.15801,228.11212,89.49976
109.258,228.18033,89.58296
109.358,228.17275,89.66636
109.45801,228.17211,89.74966
109.55801,228.11731,89.83306
109.65801,228.16721,89.91636
109.758,228.12156,89.99966
109.858,228.08867,90.08306
109.95801,228.07579,90.16626
110.05801,228.07397,90.24966
110.15801,228.07727,90.33315
110.258,228.0503,90.41646
110.358,227.95316,90.49966
110.45801,227.91794,90.58305
110.55801,227.81368,90.66627
110.65801,227.83479,90.74966
110.758,227.79355,90.83295
110.858,227.79798,90.91645
110.95801,227.79264,90.99966
111.05801,227.7795,91.08306
111.15801,227.77904,91.16636
111.258,227.78545,91.24966
111.358,227.79964,91.33296
111.45801,227.78759,91.41626
111.55801,227.80539,91.49966
111.65801,227.76354,91.58305
111.758,227.75499,91.66626
111.858,227.80797,91.74976
111.95801,227.79789,91.83315
112.05801,227.78505,91.91626
112.15801,227.81078,91.99966
112.258,227.8237,92.08305
112.358,227.77271,92.16626
112.45801,227.77826,92.24966
112.55801,227.76052,92.33306
112.65801,227.78407,92.41625
112.758,227.83222,92.49965
112.858,227.80893,92.58295
112.95801,227.80465,92.66615
113.05801,227.81819,92.74955
113.15801,227.80471,92.83306
113.258,227.77654,92.91635
113.358,227.70869,92.99966
113.45801,227.70943,93.08305
113.55801,227.68781,93.16636
113.65801,227.71405,93.24966
113.758,227.67572,93.33295
113.858,227.67494,93.41636
113.95801,227.65933,93.49976
114.05801,227.66139,93.58286
114.15801,227.57059,93.66635
114.258,227.60455,93.74966
114.358,227.58659,93.83295
114.45801,227.58257,93.91625
114.55801,227.51171,93.99975
114.65801,227.46868,94.08296
114.758,227.47058,94.16626
114.858,227.46008,94.24975
114.95801,227.37617,94.33305
115.05801,227.35257,94.41615
115.15801,227.29108,94.49966
115.258,227.20085,94.58285
115.358,227.18918,94.66627
115.45801,227.17513,94.74965
115.55801,227.11055,94.83295
115.65801,227.0942,94.91624
115.758,227.06868,94.99966
115.858,227.04361,95.08286
115.95801,226.9759,95.16625
116.05801,226.90106,95.24976
116.15801,226.86232,95.33315
116.258,226.79361,95.41634
116.35801,226.74633,95.49965
116.45801,226.65752,95.58305
116.55801,226.61759,95.66625
116.65801,226.59492,95.74966
116.758,226.55156,95.83305
116.85801,226.46774,95.91627
116.95801,226.45263,95.99955
117.05801,226.38056,96.08285
117.15801,226.32735,96.16624
117.258,226.27359,96.24957
117.35801,226.24703,96.33307
117.45801,226.18651,96.41645
117.55801,226.06984,96.49964
117.65801,226.04393,96.58296
117.758,225.99135,96.66625
117.85801,225.95363,96.74965
117.95801,225.89944,96.83305
118.05801,225.81324,96.91624
118.15801,225.78796,96.99965
118.258,225.75814,97.08295
118.35801,225.76967,97.16626
118.45801,225.74183,97.24966
118.55801,225.70075,97.33285
118.65801,225.68807,97.41644
118.758,225.6746,97.49945
118.85801,225.62249,97.58295
118.95801,225.52144,97.66625
119.05801,225.52798,97.74966
119.15801,225.51058,97.83306
119.258,225.46623,97.91635
119.35801,225.40847,97.99975
119.45801,225.36201,98.08295
119.55801,225.36572,98.16627
119.65801,225.31755,98.24976
119.758,225.33745,98.33305
119.85801,225.21237,98.41626
119.95801,225.19456,98.49986
120.05801,225.15409,98.58295
120.15801,225.10545,98.66625
120.258,225.06768,98.74966
120.35801,225.03171,98.83307
120.45801,224.99865,98.91635
120.55801,224.96102,98.99966
120.65801,224.97494,99.08306
120.758,224.86197,99.16625
120.85801,224.81548,99.24965
120.95801,224.79214,99.33305
121.05801,224.77653,99.41636
121.15801,224.75921,99.49975
121.258,224.72251,99.58305
121.35801,224.73164,99.66635
121.45801,224.65261,99.74966
121.55801,224.63759,99.83295
121.65801,224.6533,99.91625
121.758,224.63232,99.99966
121.85801,224.61424,100.08305
121.95801,224.5977,100.16624
122.05801,224.59617,100.24966
122.15801,224.60563,100.33286
122.258,224.66052,100.41635
122.35801,224.73712,100.49966
122.45801,224.74121,100.58296
122.55801,224.8084,100.66627
122.65801,224.89697,100.74985
122.758,224.91122,100.83305
122.85801,224.90958,100.91626
122.95801,224.9171,100.99966
123.05801,224.95046,101.08305
123.15801,224.96223,101.16626
123.258,224.97531,101.24966
123.35801,225.01087,101.33306
123.45801,225.03793,101.41626
123.55801,225.04942,101.49945
123.65801,225.04745,101.58295
123.758,224.98704,101.66625
123.85801,225.0055,101.74964
123.95801,225.01698,101.83306
124.05801,224.9925,101.91625
124.15801,224.94193,101.99975
124.258,224.91943,102.08295
124.35801,224.88592,102.16636
124.45801,224.83649,102.24966
124.55801,224.77783,102.33295
124.65801,224.71093,102.41625
124.758,224.69735,102.49954
124.85801,224.65285,102.58285
124.95801,224.53949,102.66624
125.05801,224.51719,102.74966
125.15801,224.52325,102.83296
125.258,224.49242,102.91624
125.35801,224.42695,102.99966
125.45801,224.40862,103.08296
125.55801,224.42754,103.16647
125.65801,224.37004,103.25005
125.758,224.27477,103.33305
125.85801,224.28466,103.41627
125.95801,224.28181,103.49976
126.05801,224.2039,103.58305
126.15801,224.13434,103.66626
126.258,224.14675,103.74966
126.35801,224.04548,103.83295
126.45801,224.04701,103.91627
126.55801,223.99662,103.99965
126.65801,223.97982,104.08306
126.758,223.92351,104.16624
126.85801,223.88432,104.24965
126.95801,223.83582,104.33307
127.05801,223.75109,104.41625
127.15801,223.74691,104.49965
127.258,223.71341,104.58295
127.35801,223.6829,104.66625
127.45801,223.64607,104.74966
127.55801,223.59531,104.83305
127.65801,223.57779,104.91636
127.758,223.54469,104.99966
127.85801,223.51515,105.08305
127.95801,223.51265,105.16635
128.058,223.48171,105.24955
128.15801,223.60489,105.33305
128.25801,223.61478,105.41636
128.358,223.69377,105.49955
128.45801,223.74742,105.58286
128.558,223.8223,105.66626
128.65801,223.95456,105.74964
128.75801,224.03838,105.83296
128.858,224.11913,105.91647
128.95801,224.22956,105.99976
129.058,224.35337,106.08286
129.15801,224.49635,106.16646
129.25801,224.6494,106.24986
129.358,224.73061,106.33295
129.45801,224.84321,106.41635
129.558,225.05121,106.49966
129.65801,225.1097,106.58295
129.75801,225.27065,106.66637
129.858,225.41381,106.74965
129.95801,225.46234,106.83286
130.058,225.56776,106.91625
130.15801,225.69068,106.99966
130.25801,225.76282,107.08306
130.358,225.85573,107.16616
130.45801,225.99224,107.24966
130.558,226.0129,107.33317
130.65801,226.04251,107.41636
130.75801,226.14079,107.49966
130.858,226.1233,107.58305
130.95801,226.178,107.66635
131.058,226.24604,107.74966
131.158,226.28648,107.83296
131.25802,226.26422,107.91625
131.358,226.25156,107.99966
131.458,226.25647,108.08305
131.558,226.22257,108.16635
131.658,226.24357,108.24966
131.75802,226.26355,108.33305
131.858,226.28179,108.41626
131.958,226.28115,108.49965
132.058,226.29337,108.58295
132.158,226.35251,108.66646
132.25802,226.35039,108.74965
132.358,226.35203,108.83305
132.458,226.33629,108.91626
132.55802,226.34443,108.99976
132.658,226.3467,109.08306
132.75802,226.3722,109.16625
132.858,226.39064,109.24965
132.958,226.40647,109.33286
133.05802,226.44665,109.41637
133.158,226.43035,109.49965
133.25802,226.45403,109.58295
133.358,226.43555,109.66625
133.458,226.48675,109.74986
133.55802,226.43616,109.83305
133.658,226.40778,109.91636
133.75802,226.42763,109.99975
133.858,226.42983,110.08296
133.958,226.42884,110.16624
134.05802,226.41661,110.24955
134.158,226.42246,110.33296
134.25802,226.39157,110.41615
134.358,226.36274,110.49966
134.458,226.36758,110.58305
134.55802,226.30662,110.66626
134.658,226.26907,110.74965
134.75802,226.29106,110.83305
134.858,226.25096,110.91646
134.958,226.22041,110.99964
135.05802,226.21926,111.08295
135.158,226.22969,111.16627
135.25802,226.14319,111.24976
135.358,226.12311,111.33295
135.458,226.12084,111.41626
135.55802,226.11808,111.49965
135.658,226.05902,111.58306
135.75802,226.06732,111.66636
135.858,225.97132,111.74956
135.958,225.97685,111.83286
136.05802,225.98648,111.91656
136.158,225.98827,111.99955
136.25802,225.92917,112.08305
136.358,225.88542,112.16624
136.458,225.90522,112.24976
136.55802,225.85861,112.33305
136.658,225.86966,112.41625
136.75802,225.80424,112.49966
136.858,225.7983,112.58285
136.958,225.8257,112.66615
137.05802,225.75552,112.74966
137.158,225.76101,112.83297
137.25802,225.67423,112.91625
137.358,225.67799,112.99975
137.458,225.66224,113.08305
137.55802,225.596,113.16615
137.658,225.64206,113.24965
137.75802,225.62023,113.33296
137.858,225.63042,113.41635
137.958,225.64236,113.49957
138.05802,225.59237,113.58307
138.158,225.58495,113.66626
138.25802,225.51131,113.74965
138.358,225.50784,113.83295
138.458,225.50648,113.91634
138.55802,225.46355,113.99965
138.658,225.44395,114.08305
138.75802,225.43134,114.16625
138.858,225.37723,114.24957
138.958,225.42285,114.33306
139.05802,225.43631,114.41645
139.158,225.34085,114.49946
139.25802,225.31165,114.58286
139.358,225.36449,114.66624
139.458,225.32348,114.74966
139.55802,225.34311,114.83305
139.658,225.33445,114.91636
139.75802,225.32715,114.99956
139.858,225.2844,115.08285
139.958,225.28399,115.16647
140.05802,225.27833,115.24975
140.158,225.17592,115.33296
140.25802,225.1642,115.41624
140.358,225.13989,115.49966
140.458,225.11289,115.58297
140.55802,225.04624,115.66626
140.658,225.05803,115.74966
140.75802,225.02756,115.83327
140.858,224.94342,115.91625
140.958,224.75587,115.99965
141.05802,224.70634,116.08307
141.158,224.59773,116.16626
141.25802,224.4688,116.24976
141.358,224.34926,116.33306
141.458,224.32581,116.41625
141.55802,224.17784,116.49976
141.658,224.07139,116.58295
141.75802,223.92478,116.66636
141.858,223.82315,116.74965
141.958,223.78877,116.83305
142.05802,223.70122,116.91636
142.158,223.59898,116.99954
142.25802,223.58868,117.08305
142.358,223.55,117.16625
142.458,223.52617,117.24955
142.55802,223.56898,117.33305
142.658,223.56998,117.41624
142.75802,223.55827,117.49966
142.858,223.51341,117.58305
142.958,223.52198,117.66635
143.05802,223.49583,117.74976
143.158,223.50259,117.83296
143.25802,223.5176,117.91634
143.358,223.51028,117.99965
143.458,223.54541,118.08284
143.55802,223.56484,118.16626
143.658,223.59442,118.24976
143.75802,223.60461,118.33296
143.858,223.60185,118.41627
143.958,223.56199,118.49956
144.05802,223.59122,118.58295
144.158,223.61565,118.66626
144.25802,223.65758,118.74965
144.358,223.65857,118.83295
144.458,223.69428,118.91635
144.55802,223.72592,118.99976
144.658,223.7392,119.08286
144.75802,223.74766,119.16625
144.858,223.76401,119.24965
144.958,223.78454,119.33305
145.05802,223.75677,119.41636
145.158,223.76485,119.49966
145.25802,223.78396,119.58305
145.358,223.73585,119.66625
145.458,223.75055,119.74954
145.55802,223.76722,119.83305
145.658,223.76072,119.91624
145.75802,223.67405,119.99966
145.858,223.68422,120.08305
145.958,223.67408,120.16635
146.05802,223.67157,120.24966
146.158,223.64525,120.33296
146.25802,223.62562,120.41647
146.358,223.57961,120.49955
146.458,223.58125,120.58296
146.55802,223.55519,120.66627
146.658,223.49378,120.74955
146.75802,223.47834,120.83285
146.858,223.49901,120.91635
146.958,223.45304,120.99966
147.05802,223.41289,121.08306
147.158,223.45819,121.16636
147.25802,223.45005,121.24965
147.358,223.44017,121.33307
147.458,223.48043,121.41625
147.55802,223.52906,121.49976
147.658,223.49231,121.58287
147.75802,223.46986,121.66615
147.858,223.55156,121.74975
147.958,223.50864,121.83306
148.05802,223.4713,121.91626
148.158,223.48512,121.99975
148.25802,223.49251,122.08295
148.358,223.47594,122.16625
148.458,223.49719,122.24966
148.55802,223.54921,122.33316
148.658,223.49833,122.41644
148.75802,223.59693,122.49966
148.858,223.59485,122.58296
148.958,223.60833,122.66624
149.05802,223.62292,122.74966
149.158,223.66554,122.83306
149.25802,223.72177,122.91626
149.358,223.6969,122.99946
149.458,223.79672,123.08305
149.55802,223.75725,123.16627
149.658,223.74997,123.24965
149.75802,223.73475,123.33305
149.858,223.74706,123.41635
149.958,223.71346,123.49966
150.05802,223.67971,123.58306
150.158,223.67537,123.66625
150.25802,223.7002,123.74965
150.358,223.71357,123.83305
150.458,223.63521,123.91634
150.55802,223.64136,123.99964
150.658,223.60865,124.08305
150.75802,223.61124,124.16644
150.858,223.56007,124.24975
150.958,223.50695,124.33295
151.05802,223.49559,124.41634
151.158,223.48121,124.49966
151.25802,223.4517,124.58294
151.358,223.47262,124.66624
151.458,223.47266,124.74944
151.55802,223.44274,124.83305
151.658,223.46139,124.91624
151.75802,223.45902,124.99975
151.858,223.45314,125.08304
151.958,223.43645,125.16624
152.05802,223.44429,125.24955
152.158,223.48698,125.33305
152.25802,223.44837,125.41634
152.358,223.5337,125.49966
152.458,223.53033,125.58296
152.55802,223.56017,125.66646
152.658,223.56628,125.74965
152.75802,223.59047,125.83284
152.858,223.62936,125.91626
152.958,223.68504,125.99976
153.05802,223.67246,126.08295
153.158,223.7395,126.16625
153.25802,223.78091,126.24964
153.358,223.80015,126.33315
153.458,223.83379,126.41625
153.55802,223.80825,126.49945
153.658,223.85458,126.58305
153.75802,223.905,126.66644
153.858,223.88248,126.74966
153.958,223.89147,126.83295
154.05802,223.92806,126.91637
154.158,223.9416,126.99966
154.25802,223.95469,127.08285
154.358,223.99619,127.16624
154.458,223.95806,127.24954
154.55802,223.94327,127.33305
154.658,223.96402,127.41635
154.75802,223.99992,127.49974
154.858,223.99861,127.58285
154.958,224.01907,127.66634
155.05802,224.07284,127.74974
155.158,224.10903,127.83305
155.25802,224.16249,127.91626
155.358,224.14118,127.99965
155.458,224.18067,128.08305
155.55802,224.13926,128.16624
155.658,224.24834,128.24945
155.75802,224.26609,128.33305
155.858,224.26205,128.41635
155.958,224.30509,128.49963
156.05802,224.30884,128.58305
156.158,224.32357,128.66624
156.25802,224.3406,128.74944
156.358,224.3617,128.83305
156.458,224.3516,128.91634
156.55802,224.32754,128.99965
156.658,224.33335,129.08305
156.75802,224.39446,129.16635
156.858,224.38325,129.24965
156.958,224.36187,129.33286
157.05802,224.40752,129.41637
157.158,224.41994,129.49965
157.25802,224.40616,129.58293
157.358,224.44807,129.66624
157.458,224.45804,129.74954
157.55802,224.46463,129.83295
157.658,224.53735,129.91644
157.75802,224.56612,129.99974
157.858,224.5627,130.08296
157.958,224.58646,130.16634
158.05802,224.65033,130.24985
158.158,224.61219,130.33305
158.25802,224.6047,130.41626
158.358,224.58855,130.49965
158.458,224.58667,130.58296
158.55802,224.5608,130.66635
158.658,224.59136,130.74965
158.75802,224.54711,130.83284
158.858,224.5844,130.91626
158.958,224.60174,130.99985
159.05802,224.56944,131.08295
159.158,224.57302,131.16626
159.25802,224.58801,131.24976
159.358,224.61606,131.33325
159.458,224.54679,131.41624
159.55802,224.52952,131.49965
159.658,224.47461,131.58295
159.75802,224.51026,131.66624
159.858,224.47187,131.74965
159.958,224.45787,131.83316
160.05802,224.40972,131.91623
160.158,224.37051,131.99954
160.25802,224.36446,132.08316
160.358,224.30165,132.16644
160.458,224.23154,132.24954
160.55802,224.20472,132.33304
160.658,224.23642,132.41635
160.75802,224.17938,132.49966
160.858,224.20697,132.58296
160.958,224.1873,132.66644
161.05802,224.20103,132.74965
161.158,224.15824,132.83296
161.25802,224.16456,132.91634
161.358,224.1298,132.99976
161.458,224.16318,133.08295
161.55802,224.1572,133.16624
161.658,224.09676,133.24963
161.75802,224.13051,133.33305
161.858,224.14329,133.41634
161.958,224.17411,133.49963
162.05802,224.13533,133.58286
162.158,224.11127,133.66626
162.25802,224.10603,133.74965
162.358,224.05721,133.83307
162.458,224.02512,133.91624
162.55802,223.9958,133.99985
162.658,224.0088,134.08305
162.75802,223.97317,134.16635
162.858,223.96822,134.24974
162.958,223.95039,134.33295
163.05802,223.89131,134.41623
163.158,223.92521,134.49974
163.25802,223.90438,134.58304
163.358,223.88201,134.66624
163.458,223.86799,134.74966
163.55802,223.88132,134.83296
163.658,223.91118,134.91635
163.75802,223.91872,134.99954
163.858,223.94912,135.08305
163.958,223.99679,135.16644
164.05802,224.0585,135.24965
164.158,224.11274,135.33305
164.25802,224.11559,135.41634
164.358,224.19306,135.49965
164.458,224.23569,135.58304
164.55802,224.20436,135.66646
164.658,224.27829,135.74976
164.75802,224.27483,135.83304
164.858,224.28924,135.91626
164.958,224.32288,135.99965
165.05802,224.34032,136.08295
165.158,224.33987,136.16626
165.25802,224.31321,136.24965
165.358,224.36468,136.33286
165.458,224.40262,136.41635
165.55802,224.48037,136.49976
165.658,224.52936,136.58305
165.75802,224.66892,136.66624
165.858,224.70839,136.74965
165.958,224.83513,136.83315
166.05802,224.88311,136.91626
166.158,224.96868,136.99965
166.25802,225.05164,137.08295
166.358,225.17594,137.16624
166.458,225.2635,137.24966
166.55802,225.34339,137.33305
166.658,225.43333,137.41624
166.75802,225.49031,137.49965
166.858,225.58069,137.58305
166.958,225.61954,137.66624
167.05802,225.69712,137.74965
167.158,225.77811,137.83304
167.25802,225.80707,137.91634
167.358,225.88503,137.99976
167.458,225.96084,138.08295
167.55802,225.99494,138.16634
167.658,226.03903,138.24965
167.75802,226.07384,138.33304
167.858,226.09409,138.41644
167.958,226.12769,138.49956
168.05802,226.15444,138.58284
168.158,226.19884,138.66646
168.25802,226.24888,138.74965
168.358,226.30384,138.83286
168.458,226.36134,138.91624
168.55802,226.39982,138.99963
168.658,226.456,139.08305
168.75802,226.51508,139.16624
168.858,226.55787,139.24974
168.958,226.58654,139.33305
169.05802,226.6082,139.41624
169.158,226.66359,139.49966
169.25802,226.70126,139.58295
169.358,226.70822,139.66624
169.458,226.76783,139.74976
169.55802,226.76641,139.83296
169.658,226.79629,139.91624
169.75802,226.86772,139.99965
169.858,226.81504,140.08305
169.958,226.82384,140.16624
170.05802,226.86513,140.24965
170.158,226.90063,140.33295
170.25802,226.91142,140.41626
170.358,226.92479,140.49963
170.458,226.99296,140.58296
170.55802,227.00738,140.66635
170.658,227.02999,140.74974
170.75802,227.01047,140.83305
170.858,227.00543,140.91626
170.958,227.03016,140.99944
171.05802,227.01761,141.08305
171.158,227.00492,141.16624
171.25802,227.03025,141.24956
171.358,227.04285,141.33305
171.458,227.06507,141.41656
171.55802,227.07658,141.49963
171.658,227.04901,141.58286
171.75802,227.06376,141.66624
171.858,227.04953,141.74974
171.958,226.99649,141.83304
172.05802,227.00537,141.91637
172.158,226.98848,141.99965
172.25802,226.96814,142.08295
172.358,227.04981,142.16624
172.458,227.0521,142.24966
172.55802,227.00761,142.33284
172.658,227.03908,142.41646
172.75802,227.11644,142.49965
172.858,227.0616,142.58305
172.958,227.05959,142.66626
173.05802,227.1544,142.74965
173.158,227.10996,142.83304
173.25802,227.11216,142.91634
173.358,227.1371,142.99965
173.458,227.17847,143.08305
173.55802,227.15686,143.16626
173.658,227.21546,143.24985
173.75802,227.17437,143.33305
173.858,227.15589,143.41624
173.958,227.17902,143.49965
174.05802,227.19765,143.58305
174.158,227.20814,143.66635
174.25802,227.2146,143.74963
174.358,227.25642,143.83305
174.458,227.25588,143.91644
174.55802,227.19227,143.99965
174.658,227.24817,144.08305
174.75802,227.20451,144.16624
174.858,227.16973,144.24954
174.958,227.16397,144.33315
175.05802,227.10973,144.41624
175.158,227.10372,144.49965
175.25802,227.10936,144.58305
175.358,227.06613,144.66624
175.458,227.0182,144.74965
175.55802,227.00217,144.83304
175.658,227.04361,144.91626
175.75802,226.98022,144.99965
175.858,226.98272,145.08304
175.958,226.92731,145.16626
176.05802,226.94018,145.24965
176.158,226.99114,145.33296
176.25802,227.05521,145.41635
176.358,227.07818,145.49965
176.458,227.07997,145.58284
176.55802,227.12069,145.66626
176.658,227.20173,145.74976
176.75802,227.14706,145.83295
176.858,227.19894,145.91624
176.958,227.28594,145.99965
177.05802,227.36618,146.08305
177.158,227.40198,146.16626
177.25802,227.47971,146.24956
177.358,227.54604,146.33305
177.458,227.6065,146.41624
177.55802,227.64109,146.49965
177.658,227.67527,146.58295
177.75802,227.70651,146.66624
177.858,227.73653,146.74965
177.958,227.75922,146.83305
178.05802,227.77531,146.91635
178.158,227.77591,146.99965
178.25802,227.77237,147.08304
178.358,227.7489,147.16624
178.458,227.70818,147.24974
178.55802,227.58493,147.33295
178.658,227.60056,147.41634
178.75802,227.5113,147.49974
178.858,227.50586,147.58296
178.958,227.4837,147.66635
179.05802,227.42763,147.74965
179.158,227.4178,147.83296
179.25802,227.38731,147.91646
179.358,227.32988,147.99965
179.458,227.26921,148.08305
179.55802,227.26236,148.16634
179.658,227.21769,148.24963
179.75802,227.22242,148.33286
179.858,227.25154,148.41634
179.958,227.25107,148.49976
180.05802,227.20337,148.58286
180.158,227.21898,148.66624
180.25802,227.29885,148.74965
180.358,227.2974,148.83307
180.458,227.30518,148.91624
180.55802,227.34607,148.99965
180.658,227.40252,149.08305
180.75802,227.41796,149.16624
180.858,227.49916,149.24974
180.958,227.50854,149.33305
181.05802,227.51022,149.41624
181.158,227.53188,149.49954
181.25802,227.53814,149.58304
181.358,227.49804,149.66624
181.458,227.52825,149.74965
181.55802,227.51147,149.83304
181.658,227.53634,149.91635
181.75802,227.5794,149.99965
181.858,227.55401,150.08305
181.958,227.59805,150.16635
182.05802,227.60762,150.24965
182.158,227.62043,150.33304
182.25802,227.68827,150.41646
182.358,227.66253,150.49965
182.458,227.65031,150.58295
182.55802,227.64444,150.66634
182.658,227.64117,150.74956
182.75802,227.61371,150.83305
182.858,227.60501,150.91634
182.958,227.60758,150.99965
183.05802,227.58644,151.08286
183.158,227.66555,151.16624
183.25802,227.65735,151.24974
183.358,227.63686,151.33305
183.458,227.66331,151.41646
183.55802,227.72167,151.49976
183.658,227.78789,151.58305
183.75802,227.82853,151.66623
183.858,227.93088,151.74965
183.958,228.01267,151.83305
184.05802,228.06371,151.91624
184.158,228.12709,151.99965
184.25802,228.20067,152.08304
184.358,228.27469,152.16624
184.458,228.3754,152.24974
184.55802,228.49843,152.33305
184.658,228.57659,152.41635
184.75802,228.6857,152.49965
184.858,228.75315,152.58305
184.958,228.90853,152.66634
185.05802,228.91948,152.74965
185.158,229.01671,152.83304
185.25802,229.12065,152.91646
185.358,229.12791,152.99963
185.458,229.17338,153.08315
185.55802,229.19614,153.16626
185.658,229.24082,153.24956
185.75802,229.19398,153.33305
185.858,229.20715,153.41635
185.958,229.12094,153.49965
186.05802,229.00438,153.58295
186.158,228.96603,153.66624
186.25802,228.87917,153.74976
186.358,228.78896,153.83305
186.458,228.68834,153.91624
186.55802,228.62175,153.99965
186.658,228.56873,154.08305
186.75802,228.54825,154.16626
186.858,228.4218,154.24954
186.958,228.35037,154.33296
187.05802,228.32476,154.41644
187.158,228.22941,154.49966
187.25802,228.10118,154.58296
187.358,227.922,154.66624
187.458,227.80582,154.74966
187.55802,227.67089,154.83305
187.658,227.52156,154.91624
187.75802,227.38587,154.99965
187.858,227.26756,155.08284
187.958,227.06959,155.16624
188.05802,226.93606,155.24965
188.158,226.77818,155.33304
188.25802,226.5851,155.41626
188.358,226.37099,155.49963
188.458,226.17543,155.58304
188.55802,225.95737,155.66626
188.658,225.78426,155.74956
188.75802,225.60097,155.83305
188.858,225.39612,155.91635
188.958,225.1444,155.99965
189.05802,224.89754,156.08295
189.158,224.69493,156.16635
189.25802,224.36077,156.24976
189.358,224.09232,156.33287
189.458,223.79331,156.41624
189.55802,223.4838,156.49965
189.658,223.11959,156.58286
189.75802,222.69849,156.66626
189.858,222.32763,156.74966
189.958,221.91063,156.83304
190.05802,221.48449,156.91644
190.158,220.99335,156.99974
190.25802,220.54054,157.08304
190.358,220.11379,157.16624
190.458,219.71591,157.24965
190.55802,219.24917,157.33305
190.658,218.78615,157.41615
190.75802,218.35528,157.49965
190.858,217.83467,157.58304
190.958,217.31796,157.66655
191.05802,216.7391,157.74965
191.158,216.19182,157.83296
191.25802,215.58428,157.91634
191.358,214.99995,157.99985
191.458,214.45407,158.08284
191.55802,213.74827,158.16626
191.658,213.18628,158.24976
191.75802,212.59421,158.33305
191.858,211.93258,158.41624
191.958,211.26764,158.49945
192.05802,210.64578,158.58305
192.158,209.9888,158.66635
192.25802,209.31078,158.74963
192.358,208.57127,158.83305
192.458,207.85226,158.91624
192.55802,207.10429,158.99956
192.658,206.4093,159.08325
192.75802,205.56336,159.16624
192.858,204.76822,159.24954
192.958,203.97535,159.33305
193.05802,203.15722,159.41643
193.158,202.29427,159.49954
193.25802,201.43095,159.58295
193.358,200.52178,159.66623
193.458,199.57941,159.74974
193.55802,198.54948,159.83295
193.658,197.35685,159.91624
193.75802,196.11049,159.99965
193.858,194.78355,160.08315
193.958,193.3156,160.16646
194.05802,191.53757,160.24965
194.158,189.61679,160.33296
194.25802,187.33652,160.41644
194.358,184.478,160.49965
194.458,181.49814,160.58284
194.55802,178.54532,160.66626
194.658,175.82368,160.74965
194.75802,173.23202,160.83305
194.858,170.8477,160.91624
194.958,168.68399,160.99963
195.05802,166.6815,161.08305
195.158,164.8864,161.16624
195.25802,163.16805,161.24986
195.358,161.56448,161.33305
195.458,160.06794,161.41635
195.55802,158.62664,161.49974
195.658,157.18602,161.58305
195.75802,155.84392,161.66637
195.858,154.6193,161.74965
195.958,153.31286,161.83305
196.05802,152.08574,161.91635
196.158,150.85697,161.99966
196.25802,149.61254,162.08295
196.358,148.29197,162.16623
196.458,147.03324,162.24985
196.55802,145.68217,162.33304
196.658,144.40143,162.41646
196.75802,143.04646,162.49965
196.85802,141.71192,162.58304
196.958,140.34837,162.66635
197.05802,138.91515,162.74965
197.158,137.53363,162.83295
197.25802,136.20018,162.91626
197.35802,134.7927,162.99963
197.458,133.4569,163.08284
197.55802,132.01504,163.16634
197.658,130.64622,163.24965
197.75802,129.23225,163.33305
197.85802,127.84244,163.41624
197.958,126.47352,163.49976
198.05802,125.07342,163.58305
198.158,123.73609,163.66624
198.25802,122.38807,163.74965
198.35802,121.00154,163.83305
198.458,119.58127,163.91624
198.55802,118.18171,163.99966
198.658,116.83458,164.08295
198.75802,115.43081,164.16635
198.85802,114.00424,164.24965
198.958,112.62432,164.33304
199.05802,111.15028,164.41624
199.158,109.68018,164.49965
199.25802,108.27753,164.58304
199.35802,106.81134,164.66634
199.458,105.34813,164.74954
199.55802,103.88452,164.83304
199.658,102.34684,164.91626
199.75802,100.84217,164.99965
199.85802,99.31413,165.08305
199.958,97.85961,165.16624
200.05802,96.35635,165.24965
200.158,94.86655,165.33305
200.25802,93.37275,165.41635
200.35802,91.83276,165.49945
200.458,90.05999,165.58286
200.55802,88.30305,165.66644
200.658,86.53674,165.74965
200.75802,84.7088,165.83293
200.85802,82.85111,165.91634
200.958,80.91109,165.99985
201.05802,78.86839,166.08305
201.158,76.79691,166.16624
201.25802,74.59125,166.24985
201.35802,72.35471,166.33295
201.458,69.92824,166.41624
201.55802,67.30426,166.49965
201.658,64.19941,166.58286
201.75802,60.06723,166.66624
201.85802,36.6592,166.74976
201.86002,34.22169,166.75134
