time,ax,ay,az,atotal
0.0033807754516601562,-0.14,0.02,1.89,1.89
0.014616012573242188,-0.49,-0.45,-0.16,0.68
0.018192768096923828,-0.59,-0.68,-0.89,1.26
0.029273033142089844,-0.25,-0.44,-0.57,0.76
0.03917503356933594,0.08,0.02,-0.07,0.1
0.04906797409057617,0.11,0.16,0.38,0.42
0.059056758880615234,0.06,0.11,0.58,0.59
0.0690450668334961,-0.02,0.19,0.43,0.47
0.079071044921875,-0.04,0.32,0.25,0.4
0.08901786804199219,-0.05,0.38,0.05,0.38
0.0982809066772461,-0.08,0.32,0.0,0.32
0.11597490310668945,-0.2,0.18,0.09,0.28
0.11895179748535156,-0.23,0.12,-0.02,0.26
0.12879085540771484,-0.12,0.14,-0.2,0.27
0.13882088661193848,-0.01,0.13,-0.26,0.29
0.14879608154296875,0.05,0.09,-0.14,0.17
0.1588287353515625,0.06,0.11,0.0,0.12
0.1686549186706543,0.05,0.14,0.03,0.15
0.17992782592773438,-0.07,0.12,0.16,0.21
0.18973994255065918,-0.19,0.13,0.27,0.35
0.1982259750366211,-0.13,0.11,0.16,0.23
0.21628594398498535,-0.09,0.04,0.06,0.11
0.21937084197998047,-0.11,-0.05,0.05,0.13
0.2284688949584961,-0.1,-0.09,0.06,0.14
0.2384779453277588,-0.04,-0.09,0.05,0.11
0.24844074249267578,0.02,-0.06,0.08,0.1
0.25933384895324707,0.07,0.01,0.09,0.11
0.26836085319519043,0.06,0.07,0.08,0.12
0.2783169746398926,0.03,0.12,0.1,0.15
0.2892038822174072,-0.02,0.17,0.08,0.18
0.2979850769042969,-0.02,0.24,0.01,0.24
0.31897687911987305,-0.02,0.23,-0.09,0.24
0.32084083557128906,0.0,0.14,-0.29,0.32
0.32837486267089844,0.02,0.06,-0.33,0.33
0.33907294273376465,-0.03,0.03,-0.14,0.14
0.3474917411804199,0.03,0.05,0.12,0.13
0.35877180099487305,0.12,0.05,0.15,0.19
0.3674960136413574,0.12,-0.07,0.14,0.19
0.37901782989501953,-0.02,-0.14,0.15,0.2
0.3892650604248047,-0.11,-0.05,0.19,0.22
0.39752197265625,-0.14,0.02,0.24,0.27
0.4165818691253662,-0.09,0.0,0.19,0.21
0.4195098876953125,0.02,-0.06,0.08,0.1
0.42715978622436523,0.07,-0.05,-0.04,0.09
0.43786191940307617,0.08,0.01,-0.08,0.11
0.4478788375854492,0.04,0.13,-0.01,0.13
0.45793890953063965,0.05,0.21,0.02,0.21
0.4684739112854004,0.04,0.21,0.01,0.21
0.47784900665283203,-0.04,0.17,0.07,0.18
0.48874378204345703,-0.12,0.18,0.1,0.23
0.4972078800201416,-0.09,0.2,0.08,0.23
0.5157327651977539,-0.02,0.19,0.02,0.19
0.5186469554901123,0.01,0.16,-0.07,0.17
0.5268230438232422,-0.01,0.1,-0.14,0.17
0.5367999076843262,-0.02,0.08,-0.14,0.16
0.547548770904541,0.01,0.06,0.01,0.06
0.5577287673950195,0.02,0.01,0.2,0.2
0.5685977935791016,-0.01,-0.03,0.27,0.27
0.5770409107208252,-0.03,-0.05,0.28,0.28
0.5873017311096191,-0.07,-0.07,0.31,0.32
0.5970487594604492,-0.05,-0.02,0.3,0.3
0.6149249076843262,0.0,0.03,0.21,0.21
0.6178939342498779,-0.01,0.04,0.06,0.07
0.6272439956665039,0.01,0.05,-0.01,0.05
0.6372127532958984,0.04,0.08,-0.12,0.14
0.6465897560119629,0.11,0.05,-0.15,0.19
0.6572098731994629,0.09,0.02,-0.11,0.14
0.6684608459472656,0.01,0.07,-0.04,0.08
0.676447868347168,-0.02,0.11,0.04,0.11
0.6869678497314453,-0.04,0.09,-0.04,0.1
0.6966290473937988,-0.06,0.06,-0.11,0.13
0.7135677337646484,0.0,0.02,-0.1,0.1
0.7161688804626465,0.06,0.0,-0.11,0.12
0.726813793182373,0.04,0.0,-0.04,0.05
0.7369327545166016,0.02,0.02,0.02,0.03
0.746790885925293,0.01,0.02,0.05,0.05
0.7568838596343994,-0.01,-0.02,0.1,0.1
0.7674870491027832,-0.02,-0.05,0.1,0.11
0.7765288352966309,-0.01,-0.04,0.06,0.07
0.7871389389038086,-0.04,-0.01,0.09,0.09
0.7960920333862305,-0.06,0.02,0.09,0.11
0.8134579658508301,-0.04,0.05,0.03,0.07
0.8157849311828613,0.04,0.07,-0.01,0.08
0.8266787528991699,0.11,0.04,-0.09,0.14
0.8359549045562744,0.09,0.0,-0.05,0.1
0.8459367752075195,0.01,-0.02,-0.05,0.05
0.8558487892150879,-0.04,0.03,-0.11,0.12
0.8659677505493164,-0.05,0.1,-0.11,0.15
0.8767299652099609,-0.08,0.12,0.05,0.15
0.8862309455871582,-0.09,0.13,0.19,0.24
0.8962807655334473,-0.08,0.15,0.26,0.31
0.9149558544158936,-0.03,0.11,0.21,0.23
0.9178199768066406,0.02,0.02,0.04,0.04
0.9261069297790527,0.02,-0.02,-0.08,0.08
0.936337947845459,0.05,-0.01,-0.03,0.05
0.9464077949523926,0.06,0.01,-0.04,0.07
0.9572689533233643,0.08,0.05,-0.13,0.16
0.9655427932739258,0.0,0.11,-0.12,0.16
0.9770388603210449,-0.07,0.18,-0.02,0.19
0.9862270355224609,-0.04,0.21,0.06,0.22
0.9954979419708252,0.03,0.13,-0.01,0.13
1.013063907623291,0.04,-0.02,-0.12,0.12
1.0160470008850098,0.01,-0.4,-0.19,0.44
1.025852918624878,-0.07,-0.62,-0.18,0.64
1.035973072052002,-0.17,-0.25,-0.1,0.31
1.045083999633789,-0.15,0.42,-0.15,0.47
1.0552549362182617,-0.07,0.41,0.3,0.51
1.0651159286499023,-0.24,0.22,0.19,0.37
1.076840877532959,-0.15,0.04,0.31,0.34
1.0851118564605713,-0.08,0.07,0.44,0.45
1.096463918685913,-0.03,0.07,0.4,0.4
1.1124567985534668,-0.05,-0.01,0.35,0.35
1.1148548126220703,-0.15,-0.12,0.26,0.32
1.1251130104064941,-0.21,-0.1,0.12,0.26
1.1357388496398926,-0.13,0.1,-0.01,0.16
1.1450538635253906,-0.03,0.27,-0.2,0.33
1.1549229621887207,0.02,0.36,-0.4,0.53
1.1661157608032227,0.02,0.34,-0.47,0.58
1.175513744354248,-0.01,0.22,-0.34,0.4
1.185384750366211,-0.07,0.09,-0.02,0.11
1.1954050064086914,-0.05,0.02,0.24,0.24
1.214189052581787,0.0,-0.02,0.36,0.36
1.2169437408447266,0.03,-0.02,0.32,0.32
1.2246179580688477,0.05,0.0,0.15,0.15
1.235353946685791,0.09,-0.01,-0.01,0.09
1.2453727722167969,0.11,-0.03,-0.08,0.13
1.2550978660583496,0.11,-0.08,-0.05,0.14
1.2654738426208496,0.13,-0.08,0.04,0.15
1.2761008739471436,0.15,-0.04,0.11,0.19
1.2846219539642334,0.1,-0.11,0.11,0.18
1.2948360443115234,0.05,-0.19,0.12,0.23
1.3156099319458008,0.06,-0.18,0.15,0.24
1.31781005859375,0.1,-0.11,0.15,0.21
1.32427978515625,0.14,-0.11,0.08,0.19
1.3349218368530273,0.14,-0.16,-0.03,0.21
1.345801830291748,0.12,-0.14,-0.06,0.19
1.3558008670806885,0.14,-0.08,-0.07,0.17
1.3646187782287598,0.1,-0.01,-0.12,0.15
1.3749699592590332,0.03,0.03,-0.12,0.12
1.384260892868042,-0.02,0.07,-0.1,0.12
1.3947279453277588,-0.06,0.12,-0.06,0.14
1.4133658409118652,-0.09,0.14,0.02,0.16
1.416524887084961,-0.09,0.13,0.07,0.17
1.4243419170379639,-0.09,0.1,0.07,0.15
1.4356980323791504,-0.08,0.1,0.03,0.13
1.4454407691955566,-0.07,0.12,-0.02,0.14
1.4546318054199219,-0.06,0.17,0.06,0.19
1.4654550552368164,-0.06,0.2,0.22,0.3
1.47552490234375,-0.03,0.21,0.34,0.4
1.4845290184020996,-0.02,0.17,0.4,0.43
1.494370937347412,0.0,0.1,0.4,0.41
1.512587070465088,0.02,0.03,0.32,0.32
1.5154199600219727,0.07,0.03,0.18,0.19
1.523681879043579,0.13,0.02,0.0,0.13
1.533674955368042,0.17,-0.03,-0.1,0.19
1.5452518463134766,0.16,-0.13,-0.12,0.23
1.5541930198669434,0.1,-0.22,-0.13,0.27
1.563796043395996,0.07,-0.24,-0.07,0.25
1.5743918418884277,0.05,-0.19,0.01,0.19
1.583724021911621,0.03,-0.08,0.02,0.08
1.5943589210510254,0.01,0.05,-0.03,0.05
1.612036943435669,-0.03,0.12,-0.11,0.16
1.6149320602416992,-0.04,0.08,-0.16,0.18
1.623295783996582,-0.04,0.02,-0.17,0.17
1.6340489387512207,-0.07,-0.04,-0.06,0.1
1.6448278427124023,-0.08,-0.12,0.11,0.18
1.6538448333740234,-0.12,-0.21,0.23,0.33
1.6636090278625488,-0.2,-0.19,0.35,0.44
1.6744728088378906,-0.23,-0.02,0.31,0.38
1.6832947731018066,-0.22,0.2,0.19,0.35
1.6935629844665527,-0.18,0.35,0.1,0.4
1.7109360694885254,-0.17,0.33,0.04,0.37
1.7135977745056152,-0.16,0.26,0.05,0.3
1.7236480712890625,-0.11,0.22,0.12,0.27
1.7336530685424805,-0.06,0.18,0.16,0.24
1.7438688278198242,-0.04,0.06,0.08,0.1
1.7535600662231445,-0.07,-0.11,-0.01,0.13
1.7644479274749756,-0.09,-0.23,-0.09,0.26
1.7743098735809326,-0.09,-0.26,-0.18,0.32
1.7832529544830322,-0.04,-0.2,-0.2,0.28
1.7937188148498535,0.01,-0.09,-0.22,0.23
1.8124258518218994,0.0,0.0,-0.25,0.25
1.815316915512085,-0.04,0.11,-0.26,0.28
1.823451042175293,-0.07,0.17,-0.22,0.28
1.8341727256774902,-0.1,0.24,-0.19,0.32
1.8440489768981934,-0.07,0.31,-0.14,0.34
1.853085994720459,-0.03,0.33,-0.11,0.34
1.863311767578125,0.0,0.27,-0.06,0.27
1.8739190101623535,0.03,0.18,-0.03,0.18
1.8828208446502686,0.05,0.11,-0.02,0.12
1.893298864364624,0.08,0.03,-0.04,0.09
1.9117839336395264,0.06,0.02,0.01,0.06
1.914665937423706,0.03,0.07,0.02,0.07
1.9228179454803467,0.03,0.01,0.04,0.05
1.9338998794555664,0.02,-0.03,0.09,0.09
1.9428489208221436,0.05,0.03,0.17,0.17
1.9530088901519775,0.07,0.09,0.23,0.25
1.9624700546264648,0.05,0.09,0.24,0.26
1.9731829166412354,0.01,0.1,0.23,0.25
1.9833779335021973,0.01,0.13,0.2,0.23
1.9934608936309814,0.01,0.12,0.14,0.18
2.0096449851989746,-0.01,0.12,0.08,0.14
2.012666940689087,-0.01,0.16,0.0,0.16
2.0229249000549316,0.0,0.17,-0.02,0.17
2.0325748920440674,0.0,0.12,0.0,0.12
2.0427029132843018,0.02,0.07,0.03,0.07
2.052617073059082,0.06,0.02,0.0,0.06
2.062653064727783,0.09,-0.04,-0.01,0.09
2.07352876663208,0.07,-0.09,0.0,0.11
2.0826430320739746,0.06,-0.1,-0.03,0.12
2.093587875366211,0.08,-0.05,-0.07,0.11
2.1092910766601562,0.1,0.04,-0.07,0.12
2.111776828765869,0.08,0.1,-0.04,0.13
2.122431755065918,0.03,0.12,0.03,0.12
2.131675958633423,-0.01,0.11,0.03,0.11
2.143131732940674,-0.04,0.11,0.05,0.12
2.1521120071411133,-0.07,0.12,0.08,0.16
2.1629910469055176,-0.05,0.11,0.11,0.16
2.172471046447754,-0.01,0.09,0.13,0.15
2.1819710731506348,0.03,0.06,0.08,0.1
2.192478895187378,0.07,0.01,-0.02,0.07
2.2108778953552246,0.09,-0.02,-0.08,0.12
2.2133748531341553,0.11,-0.04,-0.09,0.14
2.2220258712768555,0.12,-0.04,-0.07,0.14
2.231459856033325,0.14,-0.02,-0.01,0.14
2.2429919242858887,0.14,-0.02,0.05,0.15
2.2516627311706543,0.07,0.0,0.12,0.13
2.2619359493255615,0.04,0.07,0.2,0.21
2.2722668647766113,0.05,0.14,0.21,0.25
2.281651020050049,0.03,0.13,0.15,0.2
2.293458938598633,0.04,-0.01,0.05,0.06
2.311267852783203,0.06,-0.08,0.04,0.1
2.314028739929199,0.09,0.11,0.11,0.17
2.3217709064483643,0.08,0.26,0.08,0.28
2.331778049468994,0.0,0.32,-0.03,0.32
2.3417229652404785,-0.09,0.32,-0.06,0.33
2.352759838104248,-0.16,0.22,-0.06,0.27
2.361233949661255,-0.12,0.23,0.06,0.26
2.371689796447754,-0.02,0.34,0.17,0.38
2.3808088302612305,0.07,0.35,0.17,0.39
2.3924849033355713,0.05,0.23,0.15,0.27
2.4098188877105713,0.0,0.05,0.05,0.07
2.4123220443725586,-0.03,-0.07,-0.07,0.1
2.421419858932495,0.0,-0.09,-0.16,0.18
2.4315319061279297,0.02,-0.05,-0.19,0.19
2.4425809383392334,-0.03,0.0,-0.18,0.18
2.451131820678711,-0.04,0.13,-0.12,0.18
2.4608049392700195,-0.02,0.32,-0.07,0.32
2.472303867340088,0.02,0.45,-0.06,0.45
2.480865001678467,0.01,0.43,-0.06,0.43
2.491291046142578,-0.03,0.26,-0.11,0.28
2.5093438625335693,-0.03,0.09,-0.14,0.16
2.511765956878662,0.05,0.0,-0.12,0.13
2.5209970474243164,0.12,-0.02,-0.03,0.12
2.531024932861328,0.12,0.0,0.05,0.13
2.542008876800537,0.09,-0.03,0.11,0.14
2.5507049560546875,0.07,-0.03,0.14,0.15
2.56099796295166,0.04,-0.03,0.09,0.1
2.5710830688476562,-0.03,-0.18,0.01,0.18
2.580561876296997,-0.03,-0.18,0.01,0.18
2.591420888900757,0.05,-0.04,0.02,0.06
2.6126608848571777,0.11,0.05,-0.02,0.12
2.614877939224243,0.11,0.12,-0.03,0.16
2.6207499504089355,0.07,0.16,0.03,0.17
2.6310477256774902,0.0,0.1,0.06,0.11
2.6418299674987793,-0.06,-0.03,0.12,0.13
2.6502180099487305,-0.12,-0.15,0.18,0.26
2.6613388061523438,-0.19,-0.18,0.2,0.32
2.6707139015197754,-0.25,-0.13,0.22,0.35
2.679903030395508,-0.28,-0.09,0.22,0.36
2.690870761871338,-0.32,0.01,0.16,0.35
2.7090249061584473,-0.24,0.16,0.14,0.32
2.7117910385131836,-0.08,0.23,0.11,0.26
2.7203598022460938,-0.01,0.17,0.01,0.17
2.7312979698181152,0.04,0.1,-0.07,0.12
2.741100788116455,0.13,0.06,-0.09,0.16
2.7499239444732666,0.16,-0.02,-0.04,0.16
2.7612948417663574,0.16,-0.1,-0.02,0.18
2.7713918685913086,0.18,-0.18,-0.08,0.26
2.7801239490509033,0.18,-0.21,-0.19,0.33
2.7903647422790527,0.21,-0.17,-0.19,0.33
2.810743808746338,0.22,-0.1,-0.11,0.26
2.812666893005371,0.25,-0.03,-0.08,0.26
2.8199868202209473,0.3,-0.02,0.01,0.3
2.830335855484009,0.28,-0.08,0.1,0.3
2.8404879570007324,0.04,-0.28,0.37,0.46
2.8497610092163086,-0.83,-1.11,2.58,2.92
2.860506057739258,-0.81,-0.72,2.16,2.41
2.8698859214782715,0.55,0.48,-0.7,1.01
2.8798537254333496,0.77,0.6,-1.61,1.88
2.891378879547119,0.23,0.15,-1.59,1.61
2.9100518226623535,-0.11,-0.1,-0.52,0.54
2.912353992462158,-0.04,0.0,-0.02,0.04
2.91977596282959,0.09,0.09,-0.07,0.14
2.930633068084717,0.04,0.04,-0.13,0.14
2.9404239654541016,-0.06,-0.11,-0.26,0.28
2.950016975402832,-0.27,-0.32,-0.57,0.7
2.9599080085754395,-0.49,-0.04,-0.66,0.82
2.970679759979248,-0.39,0.52,0.2,0.68
2.979245901107788,-0.33,0.66,0.35,0.81
2.9898667335510254,-0.22,0.39,0.4,0.6
3.007884979248047,-0.06,0.21,0.14,0.25
3.010499954223633,0.07,-0.07,0.07,0.12
3.018767833709717,0.08,-0.24,0.74,0.78
3.029176950454712,0.08,-0.22,1.08,1.1
3.040489912033081,0.09,-0.17,0.91,0.93
3.0487899780273438,0.0,-0.15,0.72,0.73
3.0605928897857666,-0.11,-0.02,0.51,0.52
3.069206953048706,-0.2,0.17,0.33,0.42
3.079185962677002,-0.25,0.33,0.16,0.44
3.089728832244873,-0.24,0.34,-0.12,0.43
3.110015869140625,-0.17,0.22,-0.46,0.53
3.112006902694702,-0.14,0.07,-0.68,0.69
3.1184818744659424,-0.08,0.03,-0.77,0.77
3.1285738945007324,0.01,0.16,-0.73,0.74
3.1393158435821533,0.1,0.2,-0.54,0.58
3.149963855743408,0.16,0.12,-0.34,0.39
3.1592159271240234,0.19,-0.01,-0.06,0.19
3.1687159538269043,0.14,-0.04,0.14,0.2
3.178928852081299,0.06,-0.05,0.12,0.14
3.189884901046753,-0.05,-0.09,0.05,0.11
3.207894802093506,-0.16,-0.1,0.08,0.2
3.2111778259277344,-0.19,-0.01,0.1,0.21
3.218822956085205,-0.17,0.11,0.16,0.25
3.2289090156555176,-0.16,0.16,0.27,0.35
3.2383270263671875,-0.11,0.18,0.39,0.44
3.248499870300293,-0.01,0.19,0.43,0.47
3.2596969604492188,0.03,0.16,0.4,0.43
3.26847505569458,0.01,0.13,0.49,0.5
3.2785489559173584,-0.05,0.13,0.71,0.72
3.289280891418457,-0.05,0.09,0.84,0.84
3.3093769550323486,0.01,0.08,0.8,0.8
3.311544895172119,0.08,0.1,0.64,0.65
3.3179450035095215,0.07,0.12,0.47,0.49
3.3287808895111084,0.06,0.15,0.33,0.36
3.3387718200683594,0.07,0.21,0.27,0.34
3.347813844680786,0.06,0.24,0.19,0.31
3.3593850135803223,0.05,0.2,0.1,0.22
3.3678488731384277,0.02,0.11,0.18,0.21
3.378929853439331,-0.01,0.11,0.22,0.24
3.388490915298462,0.03,0.14,0.23,0.27
3.407175064086914,0.1,0.12,0.28,0.32
3.409557819366455,0.1,0.09,0.33,0.35
3.4181668758392334,0.07,0.01,0.27,0.27
3.428222894668579,0.05,-0.12,0.15,0.19
3.438110828399658,0.05,-0.22,0.13,0.26
3.4482927322387695,0.02,-0.21,0.19,0.28
3.4575209617614746,-0.06,-0.19,0.2,0.28
3.468822956085205,-0.14,-0.21,0.25,0.35
3.4788408279418945,-0.19,-0.21,0.37,0.46
3.4879097938537598,-0.19,-0.18,0.44,0.51
3.505784034729004,-0.14,-0.12,0.43,0.46
3.5082807540893555,-0.09,-0.06,0.38,0.39
3.5178847312927246,-0.07,-0.06,0.36,0.37
3.52810001373291,-0.05,-0.12,0.45,0.46
3.5380568504333496,-0.04,-0.15,0.48,0.5
3.5479488372802734,-0.02,-0.14,0.43,0.45
3.5577950477600098,-0.03,-0.13,0.41,0.43
3.5678229331970215,-0.06,-0.13,0.45,0.47
3.5788328647613525,-0.08,-0.09,0.55,0.56
3.587674856185913,-0.09,-0.02,0.52,0.52
3.6045217514038086,-0.06,0.02,0.44,0.44
3.606956958770752,-0.03,0.05,0.39,0.39
3.616766929626465,-0.02,0.1,0.34,0.35
3.627764940261841,0.02,0.13,0.29,0.31
3.6368248462677,0.06,0.13,0.25,0.28
3.647514820098877,0.08,0.15,0.25,0.3
3.6572680473327637,0.08,0.15,0.31,0.35
3.6667518615722656,0.04,0.18,0.37,0.41
3.67665696144104,0.03,0.19,0.39,0.43
3.6879310607910156,0.01,0.19,0.39,0.43
3.703857898712158,0.0,0.21,0.45,0.49
3.7072958946228027,-0.03,0.2,0.54,0.57
3.717176914215088,-0.02,0.15,0.64,0.65
3.727297782897949,0.03,0.06,0.68,0.68
3.737231731414795,0.08,-0.02,0.69,0.69
3.747490882873535,0.05,-0.07,0.66,0.66
3.757859945297241,-0.01,-0.08,0.69,0.69
3.7667107582092285,-0.08,-0.07,0.71,0.71
3.777477741241455,-0.14,-0.07,0.69,0.7
3.787170886993408,-0.19,-0.09,0.73,0.75
3.804594039916992,-0.24,-0.09,0.73,0.77
3.8069489002227783,-0.16,-0.07,0.67,0.69
3.8161587715148926,-0.06,0.0,0.55,0.55
3.827110767364502,0.01,0.04,0.53,0.53
3.836709976196289,0.0,0.02,0.58,0.58
3.846982002258301,0.05,-0.01,0.57,0.57
3.8572540283203125,0.05,-0.03,0.54,0.54
3.8663618564605713,0.08,0.01,0.53,0.53
3.876530885696411,0.11,0.12,0.51,0.53
3.8865227699279785,0.12,0.21,0.51,0.56
3.903904914855957,0.11,0.22,0.46,0.52
3.9057440757751465,0.07,0.16,0.38,0.41
3.9158918857574463,-0.01,0.14,0.42,0.44
3.9268648624420166,-0.07,0.15,0.55,0.57
3.936628818511963,-0.09,0.14,0.6,0.62
3.9460740089416504,-0.07,0.11,0.62,0.63
3.9565529823303223,-0.02,0.05,0.61,0.61
3.9676249027252197,0.01,0.0,0.65,0.65
3.9763870239257812,0.01,-0.05,0.67,0.67
3.9873099327087402,-0.04,-0.05,0.7,0.7
4.003188848495483,-0.07,0.0,0.7,0.7
4.005634784698486,-0.08,0.06,0.66,0.66
4.015000820159912,-0.06,0.11,0.61,0.62
4.025068759918213,-0.07,0.13,0.55,0.56
4.0364670753479,-0.08,0.16,0.51,0.54
4.044060945510864,-0.07,0.15,0.49,0.51
4.0550007820129395,-0.04,0.13,0.49,0.5
4.0642828941345215,-0.01,0.09,0.52,0.52
4.074761867523193,-0.01,0.03,0.54,0.54
4.084316730499268,-0.01,0.01,0.59,0.59
4.102262020111084,0.0,0.0,0.61,0.61
4.105165958404541,0.02,0.02,0.6,0.6
4.114214897155762,0.0,0.05,0.55,0.55
4.1247899532318115,-0.02,0.09,0.54,0.54
4.134181976318359,-0.03,0.11,0.5,0.51
4.14487886428833,0.0,0.13,0.46,0.47
4.1554059982299805,0.0,0.14,0.46,0.48
4.1637959480285645,0.0,0.16,0.43,0.45
4.175344944000244,0.02,0.16,0.42,0.44
4.183996915817261,0.01,0.09,0.51,0.51
4.203600883483887,-0.02,0.02,0.59,0.59
4.206220865249634,0.0,-0.05,0.63,0.63
4.214303016662598,-0.03,-0.09,0.66,0.66
4.223423004150391,-0.05,-0.06,0.66,0.66
4.235000848770142,-0.05,-0.06,0.6,0.6
4.244703769683838,-0.05,-0.04,0.55,0.55
4.254961013793945,0.0,0.03,0.56,0.56
4.263903856277466,0.02,0.12,0.57,0.58
4.275008916854858,0.0,0.16,0.55,0.57
4.2838358879089355,-0.03,0.14,0.54,0.55
4.3016037940979,-0.03,0.09,0.52,0.52
4.3044328689575195,-0.01,0.07,0.54,0.54
4.31426477432251,0.01,0.05,0.59,0.59
4.323188781738281,0.01,0.01,0.63,0.63
4.334198951721191,-0.01,-0.01,0.62,0.62
4.34383487701416,-0.02,-0.01,0.59,0.59
4.354529857635498,-0.02,-0.01,0.55,0.55
4.363347053527832,0.0,0.0,0.53,0.53
4.373677730560303,0.0,0.06,0.53,0.53
4.383962869644165,0.01,0.1,0.49,0.5
4.4011828899383545,0.02,0.11,0.48,0.49
4.403518915176392,0.03,0.11,0.49,0.5
4.413874864578247,0.04,0.07,0.52,0.52
4.4238269329071045,0.01,0.02,0.59,0.59
4.4336700439453125,-0.03,-0.01,0.63,0.63
4.443528890609741,-0.03,-0.02,0.6,0.6
4.4546449184417725,-0.04,0.02,0.54,0.54
4.463080883026123,-0.02,0.03,0.52,0.52
4.474545001983643,0.04,0.02,0.51,0.51
4.4840407371521,0.12,0.0,0.58,0.59
4.500011920928955,0.19,-0.02,0.62,0.64
4.502532958984375,0.14,-0.02,0.6,0.61
4.5135438442230225,0.02,0.02,0.55,0.55
4.523517847061157,-0.11,0.04,0.5,0.51
4.533339023590088,-0.17,0.05,0.53,0.55
4.542612075805664,-0.13,0.05,0.58,0.59
4.553487777709961,-0.05,0.09,0.59,0.59
4.562740802764893,0.01,0.12,0.53,0.54
4.573803901672363,0.03,0.12,0.49,0.5
4.582812786102295,0.05,0.08,0.51,0.51
4.601211071014404,0.05,0.0,0.54,0.54
4.603945732116699,0.01,-0.03,0.6,0.6
4.613180875778198,-0.01,0.01,0.65,0.65
4.622463941574097,0.0,0.02,0.61,0.61
4.633012771606445,0.02,0.01,0.57,0.57
4.643733024597168,0.02,0.01,0.56,0.56
4.655821800231934,0.0,0.05,0.59,0.59
4.665318965911865,-0.03,0.08,0.57,0.57
4.67564582824707,-0.03,0.06,0.56,0.56
4.684899806976318,-0.03,0.06,0.56,0.56
4.7082200050354,-0.03,0.04,0.55,0.55
4.71031379699707,-0.02,0.04,0.56,0.56
4.714738845825195,0.03,0.04,0.55,0.55
4.725061893463135,0.06,0.06,0.55,0.55
4.735372066497803,0.03,0.04,0.53,0.53
4.746193885803223,-0.04,0.01,0.56,0.56
4.755435943603516,-0.07,0.02,0.59,0.59
4.764927864074707,-0.04,0.07,0.6,0.6
4.775253772735596,-0.01,0.1,0.6,0.6
4.785222053527832,-0.02,0.08,0.58,0.58
4.8037919998168945,0.0,0.04,0.55,0.55
4.8062520027160645,0.02,0.02,0.53,0.53
4.8141679763793945,0.02,0.0,0.55,0.55
4.824990749359131,-0.01,0.0,0.56,0.56
4.834859848022461,0.02,0.0,0.56,0.56
4.844838857650757,0.03,-0.01,0.54,0.54
4.854558944702148,0.02,0.01,0.54,0.54
4.86538290977478,0.01,0.05,0.52,0.52
4.874928951263428,0.04,0.11,0.48,0.49
4.884264945983887,0.04,0.11,0.49,0.5
4.9016828536987305,0.0,0.07,0.52,0.52
4.904782772064209,-0.04,0.05,0.51,0.51
4.9142138957977295,-0.05,0.03,0.53,0.53
4.924777984619141,-0.04,0.01,0.55,0.55
4.9339659214019775,-0.01,0.01,0.62,0.62
4.944611072540283,-0.01,-0.01,0.65,0.65
4.955440044403076,0.01,-0.02,0.65,0.65
4.9640748500823975,0.01,-0.04,0.63,0.63
4.974602937698364,0.02,-0.03,0.59,0.59
4.984952926635742,0.03,-0.01,0.59,0.59
5.004098892211914,0.02,0.07,0.56,0.56
5.006440877914429,0.02,0.12,0.51,0.52
5.013540744781494,-0.02,0.12,0.5,0.51
5.023646831512451,-0.03,0.07,0.5,0.5
5.034041881561279,-0.03,0.07,0.52,0.52
5.0452680587768555,-0.02,0.09,0.58,0.58
5.05418586730957,-0.02,0.07,0.6,0.6
5.0642619132995605,-0.04,0.02,0.59,0.59
5.0744428634643555,-0.03,-0.01,0.6,0.6
5.084383010864258,0.0,0.02,0.59,0.59
5.1025309562683105,0.02,0.06,0.6,0.6
5.104907989501953,0.04,0.06,0.59,0.59
5.113977909088135,0.02,0.0,0.57,0.57
5.124201774597168,-0.01,-0.02,0.56,0.56
5.135149002075195,-0.01,-0.01,0.58,0.58
5.143808841705322,0.01,0.06,0.57,0.57
5.153966903686523,0.0,0.12,0.54,0.55
5.163850784301758,0.0,0.09,0.46,0.46
5.173692941665649,0.0,0.07,0.44,0.44
5.184460878372192,-0.01,0.08,0.43,0.43
5.2018818855285645,-0.01,0.04,0.47,0.47
5.204782009124756,0.0,-0.01,0.54,0.54
5.212997913360596,0.01,-0.03,0.55,0.55
5.223198890686035,-0.02,-0.07,0.59,0.59
5.233575820922852,0.0,-0.07,0.64,0.64
5.2444658279418945,0.06,-0.07,0.59,0.59
5.253697872161865,0.12,-0.06,0.53,0.54
5.264340877532959,0.1,0.0,0.5,0.5
5.2736077308654785,0.02,0.07,0.47,0.47
5.283198833465576,-0.1,0.14,0.44,0.47
5.302193880081177,-0.16,0.13,0.42,0.46
5.305192947387695,-0.14,0.09,0.39,0.42
5.313356876373291,-0.05,0.08,0.4,0.41
5.32352876663208,0.03,0.05,0.39,0.39
5.334208965301514,0.06,0.04,0.36,0.36
5.343691825866699,0.06,0.03,0.35,0.35
5.353133916854858,0.04,0.03,0.27,0.27
5.3629539012908936,0.03,0.04,0.26,0.26
5.3740739822387695,0.0,0.04,0.3,0.3
5.3825929164886475,-0.02,0.04,0.31,0.31
5.401680946350098,-0.01,0.04,0.33,0.33
5.40451192855835,0.03,0.05,0.3,0.3
5.412916898727417,0.03,0.03,0.29,0.29
5.424022912979126,0.0,0.0,0.34,0.34
5.432713031768799,-0.03,-0.03,0.29,0.29
5.443243980407715,-0.06,-0.01,0.23,0.23
5.452972888946533,-0.07,0.03,0.2,0.21
5.462823867797852,-0.06,0.05,0.14,0.16
5.4738969802856445,-0.02,0.05,0.14,0.15
5.483152866363525,0.03,0.01,0.16,0.16
5.502393960952759,0.07,0.01,0.17,0.18
5.5059027671813965,0.02,0.0,0.12,0.12
5.512141942977905,-0.04,0.02,0.07,0.08
5.522843837738037,-0.06,0.05,0.05,0.09
5.53338885307312,-0.05,0.08,0.03,0.09
5.54276180267334,-0.01,0.09,0.01,0.09
5.552031993865967,-0.01,0.09,0.04,0.09
5.562527894973755,-0.01,0.07,0.1,0.12
5.573091983795166,-0.01,0.05,0.1,0.11
5.582303047180176,0.02,0.07,0.05,0.08
5.6011857986450195,0.03,0.14,-0.01,0.14
5.604084014892578,0.02,0.2,-0.03,0.2
5.611611843109131,0.01,0.15,0.03,0.15
5.622287750244141,0.01,0.04,0.16,0.16
5.63231086730957,-0.03,-0.03,0.28,0.28
5.643313884735107,-0.06,-0.06,0.25,0.26
5.652099847793579,-0.02,-0.07,0.19,0.2
5.662144899368286,0.02,-0.04,0.13,0.13
5.6721930503845215,0.02,0.0,0.03,0.03
5.6819908618927,-0.03,0.08,-0.02,0.08
5.700492858886719,-0.05,0.18,-0.13,0.22
5.703196048736572,-0.05,0.26,-0.3,0.4
5.71164083480835,0.01,0.36,-0.5,0.61
5.722203731536865,0.06,0.46,-0.65,0.79
5.732999801635742,0.11,0.48,-0.78,0.92
5.742953777313232,0.14,0.5,-0.86,1.0
5.751977920532227,0.15,0.55,-0.84,1.01
5.762016773223877,0.17,0.57,-0.87,1.05
5.772517919540405,0.18,0.56,-0.97,1.13
5.782770872116089,0.18,0.58,-1.1,1.25
5.799396991729736,0.16,0.6,-1.1,1.26
5.802134990692139,0.16,0.49,-0.8,0.95
5.811182975769043,0.09,0.07,-0.14,0.18
5.82209587097168,-0.06,-0.5,0.67,0.83
5.831827878952026,-0.22,-0.96,1.38,1.69
5.841868877410889,-0.28,-1.31,1.87,2.3
5.851637840270996,-0.22,-1.46,2.35,2.77
5.862486839294434,-0.26,-1.55,2.95,3.34
5.872244834899902,-0.36,-1.62,3.26,3.65
5.881494998931885,-0.53,-1.52,3.1,3.49
5.898890018463135,-0.62,-1.22,2.55,2.89
5.901718854904175,-0.55,-0.77,1.63,1.88
5.911529064178467,-0.33,-0.22,0.76,0.85
5.92160177230835,-0.14,0.22,0.17,0.31
5.931390762329102,-0.02,0.54,-0.38,0.66
5.9415388107299805,0.1,0.85,-1.02,1.33
5.951395034790039,0.29,1.08,-1.65,1.99
5.962341785430908,0.42,1.22,-2.02,2.39
5.971375942230225,0.39,1.3,-2.22,2.6
5.981950759887695,0.34,1.38,-2.32,2.72
5.998076915740967,0.23,1.42,-2.38,2.78
6.001101016998291,0.17,1.45,-2.46,2.86
6.011303901672363,0.2,1.51,-2.65,3.05
6.021204948425293,0.31,1.48,-2.82,3.19
6.031139850616455,0.38,1.33,-2.63,2.97
6.0421600341796875,0.31,0.92,-1.86,2.09
6.050389766693115,0.04,0.14,-0.84,0.85
6.061033725738525,-0.24,-0.72,0.38,0.84
6.070291996002197,-0.44,-1.47,1.74,2.31
6.08012580871582,-0.61,-2.04,2.88,3.58
6.097705841064453,-0.66,-2.4,3.6,4.37
6.100224018096924,-0.55,-2.46,3.84,4.59
6.1098527908325195,-0.43,-2.25,3.59,4.25
6.120193004608154,-0.36,-1.73,3.0,3.48
6.129628896713257,-0.24,-1.07,2.28,2.52
6.141962051391602,-0.17,-0.54,1.54,1.64
6.150486946105957,-0.1,-0.09,0.77,0.78
6.160829067230225,0.0,0.38,-0.12,0.39
6.170475006103516,0.11,0.79,-0.9,1.2
6.180163860321045,0.19,1.11,-1.52,1.89
6.198265075683594,0.25,1.34,-2.02,2.43
6.202254772186279,0.28,1.5,-2.33,2.78
6.210120916366577,0.32,1.63,-2.47,2.97
6.22052001953125,0.38,1.65,-2.47,2.99
6.231493949890137,0.41,1.6,-2.48,2.97
6.2411627769470215,0.51,1.5,-2.43,2.9
6.249783039093018,0.52,1.28,-2.16,2.56
6.260035037994385,0.37,0.81,-1.46,1.71
6.2697649002075195,0.14,0.15,-0.65,0.68
6.280089855194092,-0.11,-0.7,0.41,0.81
6.2983238697052,-0.47,-1.63,1.75,2.43
6.30245304107666,-0.69,-2.29,2.8,3.68
6.310245037078857,-0.68,-2.57,3.2,4.16
6.320128917694092,-0.52,-2.42,3.1,3.96
6.3308329582214355,-0.37,-1.91,2.75,3.36
6.34079384803772,-0.28,-1.28,2.53,2.84
6.349761009216309,-0.31,-0.83,2.28,2.44
6.360996961593628,-0.34,-0.42,1.62,1.7
6.369976043701172,-0.27,-0.02,0.76,0.8
6.379910945892334,-0.15,0.43,-0.24,0.51
6.397502899169922,-0.02,0.94,-1.32,1.62
6.400365829467773,0.14,1.53,-2.39,2.84
6.40984582901001,0.29,2.24,-3.31,4.0
6.419922828674316,0.38,2.72,-3.93,4.79
6.429128885269165,0.37,2.94,-4.54,5.42
6.439199924468994,0.43,3.01,-5.02,5.86
6.449741840362549,0.71,2.84,-4.84,5.65
6.45975399017334,0.9,2.36,-3.99,4.72
6.469632863998413,0.68,1.7,-3.19,3.67
6.480634927749634,0.33,1.03,-2.74,2.94
6.496287822723389,0.06,0.29,-2.26,2.27
6.498878002166748,0.05,-0.68,-1.01,1.21
6.509139060974121,0.0,-1.77,1.15,2.11
6.519608974456787,-0.28,-2.85,3.88,4.82
6.528988838195801,-0.56,-4.22,6.23,7.54
6.538824081420898,-0.9,-5.45,8.16,9.85
6.548819065093994,-0.92,-5.93,9.22,11.0
6.560329914093018,-0.66,-5.35,8.95,10.44
6.570474863052368,-0.57,-3.82,7.84,8.73
6.578859806060791,-0.49,-2.29,5.97,6.41
6.596874952316284,-0.36,-1.03,3.78,3.93
6.599865913391113,-0.31,0.01,1.14,1.18
6.609233856201172,-0.19,0.84,-1.67,1.87
6.6194798946380615,-0.11,1.67,-4.12,4.44
6.6292619705200195,-0.15,2.5,-6.04,6.53
6.638674736022949,0.17,3.19,-7.75,8.38
6.649877071380615,0.91,3.74,-8.84,9.64
6.659920930862427,1.31,3.93,-9.1,9.99
6.66881799697876,1.36,4.13,-9.31,10.27
6.679750919342041,1.48,4.31,-9.21,10.27
6.695760726928711,1.5,4.37,-9.0,10.11
6.698101043701172,1.55,4.05,-7.83,8.95
6.708436012268066,1.27,3.28,-6.12,7.05
6.718999862670898,0.57,1.8,-4.25,4.65
6.728818893432617,-0.31,-0.2,-2.0,2.03
6.739029884338379,-1.15,-2.78,2.29,3.78
6.74967098236084,-2.33,-5.59,7.17,9.38
6.759377956390381,-2.8,-7.91,10.49,13.43
6.7695958614349365,-2.7,-9.36,12.56,15.89
6.778697967529297,-2.47,-9.65,13.52,16.79
6.794768810272217,-1.99,-8.21,13.34,15.78
6.798719882965088,-1.51,-5.62,12.64,13.91
6.808819770812988,-1.18,-3.14,10.73,11.24
6.818562984466553,-1.07,-1.17,7.03,7.2
6.828645944595337,-0.93,0.08,3.14,3.27
6.838555812835693,-0.84,0.91,-0.58,1.36
6.848504066467285,-0.76,1.67,-4.17,4.55
6.858585834503174,-0.68,2.66,-6.73,7.26
6.868445873260498,-0.72,3.67,-8.51,9.29
6.878492832183838,-0.77,4.35,-9.95,10.88
6.897526741027832,-0.71,4.82,-10.81,11.85
6.900537014007568,-0.78,5.02,-11.23,12.32
6.907688856124878,-0.63,5.0,-11.28,12.35
6.918231964111328,-0.01,4.86,-10.94,11.97
6.927562952041626,1.3,4.38,-9.4,10.45
6.9385809898376465,2.36,3.23,-6.76,7.85
6.947936058044434,3.13,1.57,-2.34,4.21
6.958422899246216,2.32,-0.21,1.94,3.03
6.968517780303955,0.96,-2.91,7.22,7.84
6.978219985961914,-0.13,-5.38,9.67,11.06
6.99824595451355,-0.57,-7.0,9.78,12.04
7.000320911407471,-1.07,-7.35,8.8,11.51
7.00797700881958,-1.54,-6.52,7.2,9.83
7.018094062805176,-1.92,-4.59,5.7,7.56
7.029097080230713,-2.04,-2.53,4.62,5.64
7.038778781890869,-1.81,-0.92,3.11,3.71
7.047207832336426,-1.49,0.23,1.24,1.95
7.057995796203613,-1.08,1.01,-0.4,1.53
7.06753396987915,-0.64,1.58,-1.83,2.5
7.077560901641846,-0.28,1.95,-2.81,3.43
7.095203876495361,0.01,2.12,-3.17,3.81
7.098206996917725,0.17,2.13,-3.13,3.78
7.10760498046875,0.45,1.94,-2.86,3.48
7.117743015289307,0.84,1.58,-2.34,2.94
7.127798080444336,0.99,1.2,-1.65,2.26
7.13763689994812,0.9,0.87,-0.68,1.42
7.147741794586182,0.89,0.43,0.12,0.99
7.157340049743652,0.89,-0.12,0.5,1.02
7.168859004974365,0.72,-0.61,0.77,1.21
7.178015947341919,0.41,-0.92,1.08,1.47
7.194934844970703,0.02,-1.04,1.33,1.68
7.198000907897949,-0.31,-1.08,1.46,1.84
7.20684289932251,-0.51,-1.02,1.46,1.85
7.217391014099121,-0.62,-0.87,1.35,1.72
7.227338790893555,-0.61,-0.69,1.02,1.37
7.237332820892334,-0.53,-0.49,0.57,0.91
7.248161792755127,-0.37,-0.3,0.2,0.51
7.258019924163818,-0.27,-0.1,-0.15,0.32
7.267070770263672,-0.21,0.11,-0.42,0.48
7.278020858764648,-0.16,0.26,-0.59,0.66
7.293050765991211,-0.1,0.39,-0.69,0.79
7.2962727546691895,-0.03,0.5,-0.76,0.91
7.3064329624176025,0.02,0.55,-0.75,0.93
7.317917823791504,0.05,0.5,-0.6,0.78
7.327541828155518,0.07,0.39,-0.46,0.6
7.3370280265808105,0.12,0.31,-0.38,0.5
7.346629858016968,0.16,0.26,-0.29,0.42
7.358059883117676,0.1,0.23,0.01,0.25
7.366428852081299,-0.01,0.1,0.32,0.33
7.376762866973877,-0.04,-0.06,0.48,0.48
7.394073009490967,0.01,-0.19,0.51,0.54
7.397106885910034,0.04,-0.24,0.52,0.57
7.406720876693726,0.01,-0.21,0.56,0.59
7.416688919067383,-0.02,-0.14,0.51,0.52
7.4267919063568115,-0.05,-0.07,0.43,0.43
7.43671989440918,-0.09,-0.04,0.31,0.32
7.447497844696045,-0.12,-0.01,0.18,0.21
7.457125902175903,-0.11,0.02,-0.05,0.12
7.46661901473999,-0.08,0.13,-0.26,0.3
7.476490020751953,-0.04,0.26,-0.38,0.46
7.4941630363464355,0.0,0.32,-0.37,0.48
7.49710488319397,0.03,0.27,-0.31,0.41
7.5063910484313965,0.09,0.23,-0.29,0.38
7.516329765319824,0.18,0.26,-0.32,0.44
7.526444911956787,0.24,0.32,-0.33,0.51
7.536419868469238,0.24,0.34,-0.31,0.51
7.545768737792969,0.2,0.31,-0.29,0.46
7.5571489334106445,0.14,0.23,-0.22,0.34
7.5655059814453125,0.07,0.11,-0.09,0.15
7.57624888420105,0.06,-0.05,0.05,0.09
7.5940680503845215,0.04,-0.14,0.16,0.21
7.596618890762329,0.0,-0.18,0.27,0.32
7.60589599609375,-0.06,-0.15,0.37,0.4
7.615431785583496,-0.15,-0.13,0.47,0.51
7.625442981719971,-0.18,-0.16,0.49,0.54
7.635778903961182,-0.14,-0.15,0.38,0.43
7.646246910095215,-0.1,-0.09,0.27,0.3
7.656553745269775,-0.05,-0.04,0.21,0.21
7.665623903274536,-0.08,0.0,0.11,0.13
7.676723957061768,-0.11,0.03,0.02,0.11
7.692829847335815,-0.09,0.06,-0.03,0.11
7.695875883102417,-0.05,0.1,-0.07,0.13
7.70499587059021,-0.02,0.15,-0.17,0.22
7.715678930282593,0.03,0.21,-0.3,0.36
7.724959850311279,0.06,0.23,-0.38,0.44
7.7369349002838135,0.08,0.17,-0.39,0.43
7.745597839355469,0.14,0.15,-0.34,0.39
7.756378889083862,0.16,0.13,-0.23,0.3
7.7656378746032715,0.12,0.08,-0.12,0.18
7.776302814483643,0.1,0.02,-0.03,0.1
7.793605804443359,0.08,-0.05,0.01,0.09
7.796079874038696,0.05,-0.02,-0.01,0.05
7.805423736572266,0.03,0.07,-0.03,0.08
7.815392971038818,-0.06,0.11,-0.04,0.13
7.826748847961426,-0.16,0.06,0.0,0.17
7.834747791290283,-0.24,-0.03,0.02,0.24
7.844510078430176,-0.26,-0.1,0.02,0.27
7.856121063232422,-0.2,-0.1,0.07,0.23
7.864351749420166,-0.12,-0.1,0.18,0.23
7.876255035400391,-0.09,-0.13,0.31,0.34
7.8917317390441895,-0.08,-0.15,0.39,0.42
7.894465923309326,-0.04,-0.09,0.38,0.39
7.905174732208252,0.01,0.04,0.29,0.29
7.915113925933838,0.02,0.11,0.17,0.2
7.92454195022583,0.01,0.14,0.05,0.14
7.936074733734131,0.06,0.14,-0.04,0.15
7.944819927215576,0.1,0.16,-0.09,0.2
7.954991817474365,0.11,0.2,-0.16,0.27
7.9646830558776855,0.08,0.19,-0.18,0.27
7.975278854370117,0.03,0.08,-0.08,0.11
7.993988990783691,0.02,-0.1,0.07,0.12
7.996638774871826,0.01,-0.12,0.13,0.17
8.004706859588623,0.04,-0.03,0.12,0.13
8.015004873275757,0.06,0.07,0.05,0.1
8.02328872680664,0.07,0.11,-0.06,0.14
8.032785892486572,0.05,0.11,-0.2,0.23
8.042825937271118,0.0,0.14,-0.27,0.3
8.051808834075928,-0.02,0.16,-0.29,0.33
8.061560869216919,-0.04,0.16,-0.21,0.26
8.072059869766235,-0.03,0.1,-0.14,0.17
8.089740753173828,0.0,0.05,-0.06,0.07
8.092223882675171,0.02,-0.03,0.09,0.09
8.10183572769165,0.01,-0.1,0.22,0.24
8.11192798614502,0.02,-0.13,0.3,0.32
8.122277736663818,0.02,-0.14,0.38,0.4
8.131629943847656,0.0,-0.15,0.41,0.43
8.14242696762085,0.01,-0.11,0.38,0.39
8.15184497833252,-0.03,-0.04,0.3,0.3
8.161404848098755,-0.04,0.03,0.19,0.19
8.172700881958008,-0.04,0.05,0.08,0.1
8.190011024475098,-0.02,0.02,0.0,0.02
8.192461967468262,0.0,0.04,-0.03,0.05
8.201473951339722,0.01,0.06,-0.06,0.08
8.211472988128662,0.01,0.08,-0.13,0.15
8.222715854644775,0.03,0.09,-0.18,0.2
8.231914043426514,0.04,0.07,-0.2,0.21
8.242008924484253,0.06,0.06,-0.23,0.24
8.250786781311035,0.06,0.06,-0.2,0.21
8.261233806610107,0.02,0.06,-0.12,0.13
8.271379947662354,0.04,0.04,-0.03,0.06
8.287688732147217,0.06,0.01,-0.01,0.06
8.290451049804688,0.04,0.01,0.0,0.04
8.30104398727417,0.01,0.02,0.01,0.02
8.311231851577759,0.02,0.02,-0.02,0.03
8.321960926055908,0.03,0.04,-0.02,0.05
8.330658912658691,0.03,0.0,0.01,0.03
8.342082977294922,-0.01,-0.02,0.12,0.12
8.350677013397217,-0.06,-0.06,0.18,0.19
8.360813856124878,-0.06,-0.09,0.18,0.21
8.372366905212402,-0.06,-0.1,0.2,0.23
8.390177726745605,-0.06,-0.07,0.18,0.2
8.392738819122314,-0.06,-0.04,0.12,0.13
8.400150775909424,-0.04,0.02,0.04,0.06
8.410668849945068,-0.02,0.06,0.0,0.06
8.42217206954956,0.02,0.08,0.0,0.08
8.430419921875,0.04,0.1,-0.02,0.1
8.441024780273438,0.02,0.11,0.02,0.11
8.450269937515259,0.0,0.1,0.03,0.1
8.460755825042725,0.02,0.06,-0.01,0.06
8.471200942993164,0.1,0.04,-0.08,0.13
8.489173889160156,0.18,0.07,-0.1,0.21
8.491645812988281,0.16,0.1,-0.02,0.18
8.500439882278442,0.05,0.07,0.08,0.11
8.510647773742676,-0.05,0.05,0.07,0.09
8.5204758644104,-0.12,0.04,0.01,0.12
8.529805898666382,-0.18,0.04,-0.01,0.18
8.541429996490479,-0.15,0.03,-0.03,0.15
8.550598859786987,-0.13,0.04,-0.06,0.14
8.56012773513794,-0.07,0.05,-0.03,0.09
8.570710897445679,-0.01,0.0,0.04,0.04
8.587433815002441,0.0,-0.07,0.16,0.17
8.590093851089478,0.0,-0.08,0.24,0.25
8.600264072418213,0.03,-0.07,0.19,0.2
8.61034893989563,0.08,-0.01,0.15,0.17
8.620033740997314,0.08,0.03,0.14,0.16
8.631037950515747,0.05,0.05,0.12,0.13
8.640953063964844,0.01,0.07,0.07,0.09
8.650371074676514,0.01,0.05,0.01,0.05
8.66026496887207,-0.01,0.05,-0.02,0.05
8.670199871063232,-0.05,0.06,-0.01,0.07
8.6889328956604,-0.08,0.06,0.01,0.1
8.69120192527771,-0.07,0.03,0.01,0.07
8.699854850769043,-0.03,0.03,0.06,0.07
8.710855960845947,-0.01,0.02,0.07,0.07
8.719795942306519,-0.01,0.0,0.03,0.03
8.730999946594238,0.01,-0.01,0.01,0.01
8.740494728088379,0.01,0.02,0.04,0.04
8.74940299987793,0.0,0.06,0.01,0.06
8.759933948516846,0.0,0.11,-0.06,0.12
8.769323825836182,0.0,0.14,-0.06,0.15
8.789361953735352,0.01,0.11,-0.07,0.13
8.791991949081421,0.06,0.08,-0.1,0.14
8.79923391342163,0.09,0.1,-0.12,0.18
8.809752941131592,0.07,0.13,-0.15,0.21
8.819598913192749,0.04,0.13,-0.11,0.17
8.829500913619995,0.02,0.08,0.01,0.08
8.839828968048096,0.0,0.03,0.07,0.07
8.849004745483398,0.02,0.0,0.05,0.05
8.859821796417236,0.03,-0.01,0.07,0.07
8.869370937347412,0.0,-0.02,0.11,0.11
8.885883808135986,-0.02,-0.02,0.18,0.18
8.888750076293945,-0.05,-0.04,0.28,0.28
8.899430751800537,-0.08,-0.1,0.31,0.33
8.908614873886108,-0.08,-0.14,0.31,0.34
8.919282913208008,-0.11,-0.16,0.24,0.3
8.928743839263916,-0.01,-0.06,0.2,0.2
8.939281940460205,0.06,0.05,0.2,0.21
8.948716878890991,0.07,0.11,0.07,0.14
8.959475994110107,0.06,0.14,-0.06,0.16
8.968997955322266,0.04,0.16,-0.14,0.21
8.989485740661621,0.04,0.16,-0.2,0.25
8.991124868392944,0.07,0.14,-0.2,0.25
8.998884916305542,0.07,0.12,-0.15,0.2
9.010402917861938,0.08,0.11,-0.13,0.18
9.018637895584106,0.06,0.11,-0.1,0.16
9.029078006744385,0.01,0.1,-0.02,0.1
9.03885793685913,-0.05,0.04,0.06,0.08
9.048203945159912,-0.06,0.01,0.05,0.07
9.05889081954956,-0.03,0.0,0.03,0.04
9.068503856658936,0.0,-0.02,0.06,0.06
9.088091850280762,0.0,-0.07,0.1,0.12
9.090816020965576,-0.01,-0.09,0.16,0.18
9.097920894622803,0.0,-0.01,0.15,0.15
9.10868787765503,-0.01,0.09,0.05,0.1
9.118841886520386,-0.04,0.11,-0.01,0.11
9.12825894355774,-0.07,0.06,-0.03,0.09
9.139366865158081,-0.06,0.06,-0.07,0.11
9.147887945175171,-0.02,0.08,-0.11,0.13
9.159669876098633,0.02,0.06,-0.08,0.1
9.168200016021729,0.05,0.0,0.02,0.05
9.185744762420654,0.08,-0.02,0.08,0.11
9.187562942504883,0.07,-0.01,0.11,0.13
9.197597026824951,-0.01,-0.03,0.07,0.07
9.207854747772217,-0.09,-0.07,0.06,0.12
9.218390941619873,-0.12,-0.09,0.11,0.18
9.229256868362427,-0.08,-0.08,0.16,0.19
9.239215850830078,-0.07,-0.02,0.16,0.17
9.247766017913818,-0.04,0.02,0.1,0.1
9.25932788848877,-0.02,0.08,0.02,0.08
9.268188953399658,0.01,0.12,-0.04,0.12
9.286736965179443,0.05,0.13,-0.05,0.14
9.28902792930603,0.08,0.13,-0.05,0.16
9.297829866409302,0.08,0.13,0.0,0.15
9.309058904647827,0.04,0.1,0.08,0.13
9.317611932754517,0.02,0.04,0.1,0.1
9.327581882476807,0.02,0.02,0.07,0.07
9.338132858276367,0.02,0.05,0.04,0.06
9.34787893295288,0.04,0.06,0.03,0.07
9.358301877975464,0.04,0.05,0.02,0.06
9.367969989776611,0.01,0.05,-0.02,0.05
9.389662742614746,-0.04,0.07,-0.03,0.08
9.391263008117676,-0.06,0.07,-0.01,0.09
9.397033929824829,-0.06,0.02,0.03,0.06
9.407498836517334,-0.06,-0.05,0.1,0.12
9.4177827835083,-0.07,-0.09,0.11,0.15
9.428725957870483,-0.09,-0.04,0.09,0.13
9.437849998474121,-0.06,0.04,0.05,0.08
9.448513984680176,-0.05,0.06,0.0,0.07
9.458555936813354,-0.04,0.04,-0.06,0.08
9.467154026031494,-0.01,0.03,-0.04,0.05
9.484551906585693,0.03,0.03,-0.01,0.04
9.486439943313599,0.04,0.03,-0.01,0.05
9.496715068817139,0.02,0.0,0.01,0.02
9.50753402709961,-0.01,-0.01,0.1,0.1
9.517307758331299,-0.03,0.0,0.15,0.15
9.527459859848022,-0.04,-0.04,0.17,0.17
9.537188053131104,-0.04,-0.05,0.18,0.19
9.54725694656372,-0.04,-0.04,0.12,0.13
9.55820608139038,-0.01,-0.02,0.09,0.09
9.566999912261963,0.0,0.02,0.04,0.04
9.585105895996094,0.0,0.04,-0.02,0.04
9.587729930877686,0.02,0.06,-0.06,0.08
9.597088813781738,0.05,0.09,-0.11,0.15
9.606550931930542,0.03,0.11,-0.12,0.16
9.6178560256958,-0.01,0.13,-0.12,0.17
9.627070903778076,-0.01,0.12,-0.11,0.16
9.637034893035889,0.03,0.09,-0.06,0.11
9.646843910217285,0.01,0.02,-0.01,0.02
9.657299041748047,-0.01,-0.05,0.07,0.08
9.667343854904175,-0.03,-0.11,0.16,0.19
9.686202049255371,-0.04,-0.12,0.18,0.22
9.688745021820068,-0.01,-0.11,0.23,0.25
9.695998907089233,0.0,-0.1,0.25,0.26
9.706938743591309,-0.01,-0.08,0.2,0.21
9.716495990753174,-0.01,-0.05,0.11,0.12
9.726882934570312,-0.03,0.0,0.01,0.03
9.737743854522705,-0.04,0.06,-0.07,0.1
9.74632978439331,-0.05,0.08,-0.13,0.16
9.756603956222534,-0.01,0.08,-0.12,0.14
9.766211986541748,0.04,0.11,-0.14,0.18
9.78521203994751,0.08,0.14,-0.15,0.22
9.788125038146973,0.11,0.17,-0.06,0.21
9.796299934387207,0.11,0.15,0.03,0.18
9.806571006774902,0.05,0.07,0.11,0.13
9.815742015838623,0.02,0.0,0.17,0.17
9.827329874038696,0.01,-0.03,0.16,0.16
9.836061000823975,-0.01,-0.02,0.14,0.14
9.845947742462158,-0.05,-0.02,0.15,0.15
9.856152057647705,-0.07,-0.02,0.15,0.16
9.866642951965332,-0.06,-0.02,0.11,0.12
9.885481834411621,-0.01,0.02,0.03,0.03
9.88802695274353,0.03,0.08,-0.08,0.11
9.895387887954712,0.03,0.12,-0.15,0.19
9.9061918258667,-0.03,0.11,-0.19,0.22
9.916171073913574,-0.06,0.07,-0.17,0.19
9.926241874694824,-0.04,0.09,-0.12,0.15
9.935633897781372,-0.02,0.1,-0.05,0.11
9.945621967315674,0.01,0.1,0.01,0.1
9.956521987915039,0.06,0.1,0.01,0.11
9.96602487564087,0.08,0.11,0.01,0.13
9.984015941619873,0.06,0.09,0.02,0.1
9.986912727355957,0.03,0.03,0.09,0.09
9.995784759521484,0.01,-0.01,0.15,0.15
10.005562782287598,-0.01,-0.01,0.15,0.15
10.015939950942993,-0.03,-0.01,0.17,0.17
10.026366949081421,-0.03,-0.03,0.19,0.19
10.03545093536377,0.0,-0.02,0.15,0.15
10.04537582397461,0.04,0.01,0.07,0.08
10.056390762329102,0.03,0.08,-0.01,0.08
10.06514596939087,-0.01,0.09,-0.01,0.09
10.08676791191101,-0.02,0.06,-0.01,0.06
10.089086055755615,0.0,0.02,-0.01,0.02
10.09481692314148,0.03,0.0,0.02,0.03
10.105272769927979,0.07,0.0,0.04,0.08
10.116281032562256,0.06,0.03,0.07,0.09
10.125500917434692,0.02,0.01,0.15,0.15
10.135479927062988,-0.02,-0.04,0.2,0.2
10.145010948181152,-0.03,-0.06,0.19,0.2
10.156078815460205,-0.04,-0.06,0.16,0.17
10.165571928024292,-0.05,0.0,0.1,0.11
10.183475017547607,-0.09,0.02,0.04,0.1
10.18630075454712,-0.1,0.03,-0.04,0.11
10.195247888565063,-0.03,0.05,-0.17,0.17
10.205265998840332,0.02,0.06,-0.24,0.24
10.215000867843628,0.02,0.16,-0.17,0.23
10.22600793838501,0.0,0.24,-0.12,0.26
10.23488998413086,-0.01,0.19,-0.09,0.21
10.245690822601318,-0.09,0.19,-0.09,0.22
10.255851745605469,-0.02,0.34,0.03,0.34
10.264875888824463,0.02,0.27,0.12,0.29
10.283176898956299,0.11,0.11,-0.02,0.15
10.28604793548584,0.14,0.15,-0.19,0.27
10.294153928756714,-0.02,0.02,-0.04,0.04
10.304935932159424,-0.18,-0.25,0.02,0.3
10.315710067749023,-0.49,-0.41,0.22,0.67
10.325466871261597,-0.59,-0.19,0.46,0.77
10.334508895874023,-0.37,0.14,0.25,0.46
10.344725847244263,-0.11,0.32,-0.13,0.36
10.355043888092041,0.03,0.36,-0.29,0.46
10.3642897605896,-0.07,0.36,-0.39,0.53
10.382445812225342,-0.08,0.37,-0.34,0.5
10.385324954986572,-0.05,0.28,-0.24,0.37
10.394568920135498,-0.07,0.19,-0.2,0.28
10.40444803237915,-0.3,0.07,0.15,0.34
10.414536952972412,-0.76,-0.22,1.19,1.42
10.425353050231934,-0.39,-0.05,0.62,0.73
10.433931827545166,-0.2,-0.83,-0.13,0.86
10.444154739379883,0.37,-0.33,-1.25,1.34
10.4545578956604,0.9,-0.37,-1.09,1.46
10.464174747467041,0.81,-0.63,-0.6,1.18
10.484992027282715,1.09,-0.79,0.07,1.34
10.487198829650879,1.01,-0.89,0.38,1.39
10.493512868881226,1.0,-0.57,0.16,1.16
10.504279851913452,1.19,-0.19,0.0,1.2
10.515052795410156,1.26,0.08,-0.14,1.27
10.525110960006714,1.09,0.33,-0.3,1.17
10.534125804901123,0.73,0.5,-0.23,0.91
10.545024871826172,0.35,0.56,0.15,0.67
10.554260730743408,-0.19,0.4,0.75,0.87
10.563821792602539,-1.04,0.02,1.77,2.05
10.582977771759033,-1.33,-0.16,1.36,1.9
10.585872888565063,-1.14,-0.14,0.67,1.32
10.594112873077393,-0.85,-0.05,0.35,0.92
10.603911876678467,-0.45,0.18,0.05,0.48
10.61468505859375,-0.13,0.35,0.0,0.37
10.624559879302979,-0.02,0.37,0.11,0.38
10.632973909378052,-0.11,0.38,0.49,0.62
10.64388394355774,-0.3,0.35,0.74,0.87
10.654965877532959,-0.32,0.23,0.67,0.77
10.662970066070557,-0.19,0.12,0.23,0.32
10.67939281463623,-0.02,0.06,-0.24,0.24
10.68277883529663,0.13,-0.06,-0.44,0.46
10.693192958831787,0.15,-0.15,-0.49,0.53
10.70352292060852,0.12,-0.11,-0.61,0.63
10.71280574798584,0.17,-0.12,-0.83,0.85
10.724464893341064,0.18,-0.13,-0.68,0.71
10.733244895935059,0.07,-0.13,-0.17,0.22
10.743658065795898,0.01,-0.05,0.21,0.21
10.753476858139038,0.05,0.11,0.13,0.17
10.76315975189209,0.13,0.19,-0.08,0.24
10.782397747039795,0.03,0.17,-0.07,0.18
10.785346984863281,-0.18,0.11,0.08,0.22
10.793282985687256,-0.27,0.09,0.15,0.32
10.803228855133057,-0.14,0.1,-0.02,0.17
10.814321041107178,0.04,0.09,-0.16,0.18
10.823362827301025,0.32,-0.01,-1.33,1.36
10.83306074142456,0.35,-0.06,-0.14,0.38
10.843232870101929,0.04,0.02,0.29,0.29
10.852951049804688,-0.13,0.07,0.49,0.51
10.864073753356934,-0.46,0.16,1.02,1.13
10.880584955215454,-0.68,0.24,1.27,1.46
10.883298873901367,-0.75,0.34,1.29,1.53
10.917253971099854,-0.33,0.57,0.5,0.82
10.919230937957764,0.23,0.56,-1.06,1.22
10.919657945632935,0.13,-0.05,-1.07,1.07
10.921939849853516,0.17,-0.45,-0.27,0.55
10.931817054748535,0.23,-0.53,0.5,0.76
10.942071914672852,0.21,-0.44,0.76,0.9
10.952220916748047,0.09,-0.31,0.64,0.71
10.962276935577393,-0.03,-0.17,0.24,0.29
10.979979991912842,-0.09,0.04,-0.13,0.16
10.981289863586426,-0.07,0.18,-0.26,0.32
10.992530822753906,-0.06,0.27,-0.29,0.4
11.00204086303711,-0.02,0.27,-0.44,0.51
11.011798858642578,0.01,0.22,-0.39,0.44
11.022023916244507,0.03,0.11,-0.18,0.21
11.032729864120483,0.09,-0.03,-0.08,0.12
11.043192863464355,-0.01,-0.15,-0.06,0.16
11.052436828613281,0.01,-0.16,-0.14,0.21
11.06249475479126,0.07,-0.1,-0.19,0.22
11.086931943893433,0.11,-0.02,-0.16,0.19
11.087532997131348,0.06,0.02,-0.11,0.12
11.091156959533691,0.03,0.06,-0.03,0.07
11.110061883926392,0.04,0.08,0.07,0.11
11.111386775970459,0.07,0.08,0.06,0.12
11.122094869613647,0.07,0.1,0.02,0.12
11.131542921066284,0.05,0.06,-0.01,0.07
11.142183780670166,0.01,0.03,0.05,0.05
11.152097940444946,-0.01,0.01,0.1,0.1
11.162221908569336,0.03,-0.04,0.08,0.09
11.185791969299316,0.02,-0.03,0.14,0.14
11.186393737792969,-0.01,-0.02,0.25,0.25
11.191139936447144,-0.06,0.01,0.33,0.33
11.20199990272522,-0.07,0.08,0.28,0.29
11.212007999420166,-0.04,0.1,0.16,0.19
11.221895933151245,-0.03,0.02,0.03,0.04
11.231672763824463,-0.02,-0.03,-0.01,0.03
11.241633892059326,-0.02,0.05,-0.03,0.06
11.251543998718262,-0.02,0.12,-0.01,0.12
11.261906862258911,-0.04,0.09,0.04,0.1
11.285973072052002,-0.01,0.0,0.03,0.03
11.286573886871338,0.04,-0.06,-0.03,0.07
11.29067087173462,0.09,-0.11,-0.16,0.21
11.300732851028442,0.1,-0.16,-0.27,0.32
11.311722755432129,0.07,-0.14,-0.34,0.37
11.321656942367554,0.03,-0.03,-0.4,0.4
11.33162784576416,0.01,0.08,-0.36,0.36
11.341636896133423,-0.01,0.15,-0.23,0.27
11.35152292251587,-0.02,0.17,-0.08,0.18
11.362360954284668,-0.05,0.1,0.08,0.13
11.38790488243103,-0.07,0.02,0.21,0.22
11.388532876968384,-0.05,-0.02,0.27,0.27
11.390235900878906,-0.06,-0.04,0.3,0.3
11.409369945526123,-0.05,-0.06,0.32,0.32
11.411059856414795,-0.05,-0.09,0.31,0.32
11.421297073364258,-0.08,-0.11,0.32,0.34
11.431190967559814,-0.09,-0.1,0.36,0.38
11.440701961517334,-0.09,-0.09,0.38,0.4
11.451141834259033,-0.06,-0.04,0.33,0.33
11.46200180053711,-0.02,0.0,0.18,0.18
11.488440990447998,-0.01,0.05,-0.07,0.08
11.489075899124146,-0.02,0.13,-0.25,0.28
11.489987850189209,-0.01,0.16,-0.33,0.36
11.509219884872437,0.02,0.13,-0.37,0.39
11.510082960128784,0.05,0.07,-0.32,0.33
11.520964860916138,0.08,-0.01,-0.28,0.29
11.530184745788574,0.1,-0.04,-0.28,0.3
11.540174961090088,0.06,-0.04,-0.27,0.27
11.552006959915161,-0.01,-0.03,-0.2,0.2
11.561830043792725,-0.02,-0.02,-0.11,0.11
11.58871603012085,-0.04,0.05,-0.03,0.07
11.589323043823242,-0.07,0.09,0.05,0.12
11.607491970062256,-0.1,0.12,0.08,0.17
11.609718799591064,-0.1,0.13,0.18,0.24
11.6132230758667,-0.06,0.1,0.32,0.34
11.620553970336914,-0.05,0.06,0.42,0.42
11.629812955856323,-0.06,-0.03,0.42,0.42
11.640653848648071,-0.07,-0.06,0.33,0.34
11.650376796722412,-0.07,-0.07,0.2,0.22
11.66136884689331,-0.05,-0.04,0.17,0.18
11.687812805175781,-0.05,0.02,0.22,0.22
11.688458919525146,-0.04,0.04,0.16,0.16
11.689784049987793,-0.03,0.03,0.1,0.1
11.709290027618408,0.0,-0.01,0.01,0.01
11.712827920913696,0.04,-0.04,-0.13,0.14
11.720270872116089,0.06,-0.03,-0.19,0.2
11.730405807495117,0.07,-0.03,-0.22,0.23
11.740367889404297,0.09,-0.01,-0.23,0.24
11.750064849853516,0.09,0.04,-0.21,0.23
11.761127948760986,0.07,0.08,-0.18,0.2
11.785934925079346,0.06,0.09,-0.13,0.16
11.786578893661499,0.03,0.07,-0.05,0.09
11.788951873779297,0.0,0.03,0.11,0.11
11.8000807762146,-0.03,0.02,0.23,0.23
11.810113906860352,-0.02,0.0,0.27,0.27
11.819658756256104,-0.02,0.0,0.22,0.22
11.829223871231079,-0.02,0.01,0.15,0.15
11.839037895202637,-0.03,0.01,0.15,0.15
11.850767850875854,-0.06,0.0,0.17,0.18
11.859036922454834,-0.08,0.03,0.16,0.18
11.885418891906738,-0.04,0.06,0.04,0.08
11.886012077331543,0.0,0.02,-0.05,0.05
11.889168739318848,0.02,-0.09,-0.13,0.15
11.898755073547363,0.03,-0.11,-0.17,0.2
11.909579753875732,0.03,-0.02,-0.12,0.12
11.918835878372192,0.0,0.09,-0.11,0.14
11.929429054260254,-0.02,0.09,-0.09,0.12
11.939016819000244,-0.04,0.03,0.0,0.05
11.949538946151733,-0.01,-0.07,0.14,0.15
11.959559917449951,0.05,-0.12,0.18,0.22
11.983675956726074,0.07,-0.1,0.06,0.13
11.984357833862305,0.05,-0.01,-0.05,0.07
11.988826751708984,0.0,0.07,-0.11,0.13
11.998723983764648,-0.05,0.14,-0.09,0.17
12.00921893119812,-0.05,0.17,-0.01,0.17
12.01938796043396,-0.04,0.13,0.05,0.14
12.0294189453125,-0.01,0.06,0.09,0.1
12.039209842681885,0.03,-0.01,0.09,0.09
12.04929494857788,0.06,-0.07,0.05,0.1
12.058894872665405,0.06,-0.09,0.01,0.1
12.085712909698486,0.06,-0.01,-0.02,0.06
12.086299896240234,0.04,0.08,-0.01,0.09
12.087999820709229,0.01,0.14,0.01,0.14
12.0989670753479,-0.03,0.14,0.05,0.15
12.109088897705078,-0.05,0.13,0.06,0.15
12.118868827819824,-0.03,0.08,0.06,0.1
12.128979921340942,0.0,0.05,0.05,0.07
12.138874053955078,-0.03,0.05,0.1,0.11
12.148907899856567,-0.07,0.06,0.19,0.21
12.158958911895752,-0.05,0.11,0.12,0.17
12.185037851333618,-0.03,0.11,0.01,0.11
12.1856107711792,-0.03,0.06,-0.01,0.06
12.187764883041382,-0.02,0.03,-0.02,0.04
12.198734760284424,0.02,0.04,0.03,0.05
12.208674907684326,0.05,0.12,0.07,0.14
12.21868896484375,0.1,0.15,0.03,0.18
12.228802919387817,0.11,0.1,-0.04,0.15
12.238690853118896,0.09,0.05,-0.18,0.2
12.248662948608398,0.14,0.05,-0.35,0.38
12.259517908096313,0.2,-0.06,-0.41,0.46
12.287097930908203,0.1,-0.19,-0.14,0.25
12.288229942321777,0.0,-0.2,0.39,0.43
12.307406902313232,-0.05,-0.18,0.69,0.71
12.310526847839355,0.03,-0.08,0.43,0.43
12.311421871185303,0.04,-0.05,-0.04,0.07
12.31845474243164,-0.02,-0.08,-0.26,0.27
12.32841682434082,-0.07,-0.11,-0.12,0.17
12.338335037231445,-0.06,-0.09,0.01,0.1
12.348268985748291,-0.04,-0.04,0.0,0.05
12.358541011810303,0.03,-0.02,-0.11,0.11
12.38279104232788,0.08,0.0,-0.03,0.08
12.383481979370117,0.09,0.04,0.26,0.27
12.38729190826416,0.03,0.1,0.39,0.4
12.397969961166382,-0.02,0.11,0.39,0.4
12.407500743865967,0.05,0.04,0.41,0.41
12.417361736297607,0.09,0.0,0.25,0.26
12.428092956542969,0.05,-0.02,-0.07,0.08
12.438995838165283,0.08,-0.11,-0.24,0.27
12.447353839874268,0.15,-0.18,-0.27,0.35
12.458961963653564,0.17,-0.19,-0.18,0.31
12.485979080200195,0.09,-0.13,0.14,0.21
12.486862897872925,-0.13,-0.03,0.45,0.46
12.488852977752686,-0.28,0.04,0.52,0.59
12.49714183807373,-0.27,0.08,0.29,0.4
12.507636070251465,-0.21,0.02,-0.11,0.23
12.51767086982727,-0.17,-0.05,-0.42,0.45
12.527663946151733,-0.09,-0.05,-0.49,0.5
12.537627935409546,0.04,0.0,-0.29,0.29
12.54695177078247,0.04,0.03,-0.08,0.09
12.557562828063965,0.01,-0.04,0.06,0.07
12.580657005310059,0.03,-0.05,0.11,0.12
12.581284999847412,0.06,-0.01,0.04,0.07
12.586688041687012,0.09,0.04,-0.08,0.12
12.596796989440918,0.1,0.04,-0.17,0.2
12.60748291015625,0.03,0.02,-0.18,0.18
12.616643905639648,0.03,0.01,-0.1,0.1
12.627398014068604,0.05,0.04,0.09,0.11
12.637196063995361,0.07,0.1,0.2,0.23
12.647266864776611,0.06,0.1,0.16,0.19
12.65723705291748,-0.03,0.02,0.03,0.04
12.68333101272583,-0.09,0.0,-0.04,0.09
12.683912754058838,-0.07,0.0,-0.05,0.08
12.686110019683838,-0.04,0.03,-0.13,0.13
12.697071075439453,-0.01,0.12,-0.17,0.2
12.708412885665894,0.06,0.16,-0.23,0.28
12.71692705154419,0.12,0.11,-0.11,0.19
12.727009773254395,0.05,0.05,0.24,0.25
12.737005949020386,-0.03,0.08,0.53,0.53
12.746952056884766,-0.04,0.12,0.44,0.45
12.757943868637085,-0.03,0.11,0.22,0.24
12.78585696220398,0.0,0.1,0.02,0.1
12.787165880203247,0.02,0.07,-0.12,0.14
12.788394927978516,0.06,0.0,-0.15,0.16
12.79643201828003,0.11,0.01,-0.09,0.14
12.807811737060547,0.19,0.05,-0.15,0.24
12.81696605682373,0.23,0.03,-0.2,0.3
12.826178073883057,0.19,-0.06,-0.14,0.24
12.836636066436768,0.13,-0.17,-0.03,0.21
12.84676194190979,0.05,-0.18,0.02,0.18
12.855909824371338,0.07,-0.14,0.11,0.19
12.884345054626465,-0.14,-0.1,0.33,0.37
12.884971857070923,-0.31,0.04,0.32,0.44
12.887348890304565,-0.16,0.09,-0.02,0.18
12.895761013031006,0.33,0.17,-0.66,0.75
12.906023979187012,0.42,0.15,-0.27,0.52
12.915979862213135,0.0,-0.07,0.79,0.79
12.926551818847656,-0.57,-0.23,1.18,1.33
12.93625783920288,-0.64,-0.11,0.59,0.87
12.951560020446777,-0.01,0.11,-0.35,0.36
12.955222845077515,0.28,0.19,-0.62,0.7
12.971889019012451,0.08,0.04,-0.02,0.09
12.975101947784424,-0.01,-0.05,0.23,0.23
12.985782861709595,0.03,-0.07,0.1,0.12
12.995437860488892,0.01,-0.07,0.1,0.12
13.005679845809937,0.02,0.02,0.17,0.17
13.016052961349487,0.07,0.14,0.22,0.27
13.025301933288574,0.08,0.18,0.07,0.2
13.036069869995117,0.04,0.13,-0.19,0.23
13.046074867248535,-0.05,0.04,-0.37,0.37
13.05539083480835,-0.09,0.02,-0.42,0.43
13.07650375366211,-0.01,0.05,-0.42,0.42
13.078214883804321,0.06,-0.01,-0.37,0.37
13.085721015930176,0.02,-0.09,-0.18,0.2
13.096016883850098,0.04,-0.06,0.0,0.07
13.105952739715576,0.06,0.03,0.11,0.12
13.115184783935547,0.02,0.12,0.19,0.22
13.12586784362793,0.01,0.21,0.2,0.29
13.135469913482666,-0.02,0.23,0.2,0.3
13.146374940872192,-0.07,0.15,0.26,0.3
13.155614852905273,-0.08,0.08,0.28,0.3
13.17756175994873,0.0,-0.01,0.18,0.18
13.179343938827515,0.07,-0.08,-0.04,0.11
13.184790849685669,0.1,-0.1,-0.25,0.28
13.195411920547485,0.06,-0.08,-0.24,0.26
13.205612897872925,-0.02,-0.03,0.07,0.07
13.215456008911133,-0.05,0.05,0.4,0.4
13.225514888763428,-0.07,0.11,0.61,0.62
13.234770774841309,-0.15,0.12,0.71,0.73
13.246279954910278,-0.28,0.07,0.84,0.88
13.256022930145264,-0.26,0.03,0.74,0.78
13.275923728942871,0.01,0.07,0.13,0.14
13.277889728546143,0.11,0.1,-0.36,0.38
13.28508996963501,0.04,0.03,-0.34,0.34
13.295182943344116,-0.06,0.02,-0.02,0.06
13.3052818775177,-0.09,0.03,0.42,0.43
13.315227031707764,-0.12,-0.04,0.69,0.7
13.32480001449585,-0.19,-0.13,0.72,0.75
13.336344957351685,-0.11,-0.17,0.11,0.23
13.345402956008911,0.19,-0.09,-0.95,0.97
13.354293823242188,0.25,-0.24,-1.46,1.5
13.375805854797363,0.16,-0.14,-1.31,1.32
13.377740859985352,0.34,0.22,-0.53,0.66
13.38489580154419,0.32,0.37,-0.06,0.49
13.394096851348877,0.13,0.37,-0.05,0.39
13.40490984916687,-0.12,0.22,-0.02,0.25
13.414895057678223,-0.28,0.06,0.09,0.3
13.424663066864014,-0.28,0.0,0.24,0.36
13.435039043426514,-0.12,0.02,0.15,0.19
13.44396686553955,0.04,0.0,-0.01,0.04
13.4548978805542,0.1,-0.08,-0.02,0.12
13.475360870361328,0.1,-0.15,0.13,0.22
13.477175951004028,0.07,-0.2,0.47,0.51
13.484694957733154,0.0,-0.12,0.34,0.36
13.493992805480957,0.04,0.01,0.17,0.17
13.50454592704773,0.01,0.14,0.16,0.21
13.514535903930664,-0.04,0.17,0.26,0.31
13.525424003601074,-0.11,0.13,0.19,0.25
13.533822059631348,-0.14,0.13,-0.02,0.19
13.544123888015747,-0.11,0.12,-0.25,0.29
13.554465770721436,-0.05,0.07,-0.33,0.34
13.577823877334595,-0.01,0.02,-0.23,0.23
13.579494953155518,0.02,-0.04,-0.12,0.12
13.58411979675293,0.04,-0.08,-0.1,0.13
13.593420028686523,0.03,-0.14,-0.12,0.18
13.604148864746094,0.0,-0.15,-0.1,0.18
13.614288806915283,-0.01,-0.11,-0.06,0.12
13.624860763549805,0.01,-0.04,-0.1,0.1
13.63370394706726,0.02,0.06,-0.13,0.14
13.64401388168335,-0.05,0.13,-0.04,0.14
13.655498027801514,-0.14,0.15,0.11,0.23
13.677044868469238,-0.17,0.15,0.28,0.36
13.678651809692383,-0.16,0.15,0.36,0.42
13.68317699432373,-0.13,0.14,0.34,0.39
13.69318675994873,-0.09,0.13,0.24,0.28
13.703849792480469,-0.05,0.07,0.12,0.14
13.713963031768799,-0.04,0.02,0.06,0.07
13.72495985031128,-0.05,-0.03,0.1,0.11
13.734461784362793,-0.04,-0.05,0.1,0.11
13.743714809417725,-0.01,-0.08,0.13,0.15
13.753764867782593,-0.02,-0.11,0.1,0.15
13.776057958602905,0.0,-0.09,0.01,0.09
13.777828931808472,0.01,-0.05,0.07,0.08
13.782749891281128,-0.01,-0.02,0.02,0.03
13.79351806640625,-0.02,0.02,-0.07,0.07
13.80353593826294,0.01,0.08,-0.18,0.19
13.81338095664978,0.02,0.1,-0.21,0.23
13.823646068572998,0.04,0.11,-0.14,0.18
13.832566738128662,0.03,0.11,-0.11,0.15
13.843564987182617,0.02,0.1,-0.06,0.11
13.85345983505249,-0.03,0.08,0.06,0.1
13.874736785888672,-0.04,0.02,0.15,0.15
13.876455783843994,-0.05,-0.01,0.15,0.15
13.882434844970703,-0.01,-0.02,0.09,0.09
13.893379926681519,0.0,0.0,0.1,0.1
13.903058052062988,0.0,0.01,0.13,0.13
13.912715911865234,0.0,-0.02,0.13,0.13
13.92257285118103,-0.01,-0.04,0.1,0.1
13.933019876480103,0.01,-0.04,0.03,0.05
13.94391679763794,0.0,-0.03,0.07,0.07
13.952908992767334,-0.04,0.01,0.14,0.14
13.97411298751831,-0.03,0.04,0.1,0.11
13.97611379623413,-0.01,0.01,0.01,0.01
13.982125759124756,0.02,-0.05,-0.05,0.07
13.992912769317627,0.03,-0.03,-0.04,0.05
14.002851009368896,0.05,-0.01,-0.05,0.07
14.012165069580078,0.03,0.01,-0.03,0.04
14.022212028503418,0.01,0.0,0.01,0.01
14.033607959747314,0.04,-0.03,0.02,0.05
14.043511867523193,0.11,-0.07,0.05,0.13
14.052587032318115,0.15,-0.04,-0.03,0.15
14.074196815490723,0.1,0.01,-0.06,0.11
14.076032876968384,-0.02,0.05,-0.06,0.08
14.08175802230835,-0.11,0.1,-0.06,0.16
14.091814994812012,-0.09,0.15,-0.06,0.18
14.102667808532715,-0.04,0.13,-0.01,0.13
14.112680912017822,0.01,0.04,0.04,0.05
14.122609853744507,0.07,-0.01,0.01,0.07
14.13354778289795,0.09,-0.05,-0.06,0.11
14.14291787147522,0.06,-0.1,0.0,0.11
14.152087926864624,0.01,-0.11,0.14,0.17
14.173896789550781,-0.01,-0.07,0.25,0.25
14.175782918930054,-0.02,-0.01,0.18,0.18
14.181524753570557,-0.03,0.04,0.09,0.1
14.192304849624634,-0.05,0.06,0.14,0.16
14.201559066772461,-0.04,0.04,0.2,0.2
14.211612939834595,-0.01,0.04,0.19,0.19
14.222931861877441,0.0,0.04,0.08,0.08
14.231778860092163,0.04,0.11,-0.06,0.13
14.243268013000488,0.05,0.19,-0.15,0.24
14.251873016357422,0.02,0.17,-0.1,0.19
14.273231029510498,-0.03,0.03,-0.05,0.06
14.27517294883728,0.0,-0.12,-0.02,0.12
14.281867980957031,0.07,-0.17,0.04,0.18
14.29123306274414,0.09,-0.18,0.02,0.2
14.30126690864563,0.04,-0.17,-0.05,0.18
14.312060832977295,-0.01,-0.1,-0.07,0.12
14.321944952011108,-0.03,0.0,-0.1,0.1
14.33188796043396,-0.01,0.12,-0.12,0.17
14.341822862625122,-0.02,0.17,-0.08,0.18
14.35177493095398,-0.07,0.12,0.02,0.14
14.372045993804932,-0.09,0.08,0.14,0.18
14.37376880645752,-0.05,0.06,0.16,0.17
14.3815279006958,-0.03,0.03,0.16,0.16
14.39164400100708,-0.04,-0.02,0.18,0.18
14.40088176727295,-0.01,-0.04,0.18,0.18
14.410953044891357,0.01,-0.04,0.12,0.12
14.421684741973877,0.02,-0.03,0.03,0.04
14.431485891342163,0.04,-0.04,0.01,0.05
14.440899848937988,0.03,-0.07,0.0,0.07
14.452627897262573,0.02,-0.11,0.0,0.11
14.472212791442871,0.01,-0.09,-0.03,0.09
14.474132061004639,-0.01,-0.06,-0.1,0.11
14.480547904968262,-0.04,-0.05,-0.13,0.14
14.490617752075195,-0.02,0.0,-0.12,0.12
14.500627994537354,0.01,0.04,-0.14,0.14
14.510612964630127,0.0,0.07,-0.14,0.15
14.520973920822144,-0.01,0.07,-0.14,0.15
14.532050848007202,0.01,0.05,-0.08,0.09
14.54199504852295,0.0,0.05,-0.04,0.06
14.552154064178467,-0.01,0.03,-0.02,0.03
14.572751998901367,-0.02,0.03,-0.02,0.04
14.57434606552124,-0.02,0.05,0.03,0.06
14.580009937286377,-0.02,0.05,0.08,0.09
14.591097831726074,-0.01,0.04,0.11,0.11
14.600966930389404,0.0,0.04,0.19,0.19
14.610889911651611,0.0,0.0,0.23,0.23
14.620974063873291,-0.03,-0.04,0.22,0.22
14.630541801452637,-0.06,-0.06,0.21,0.22
14.641774892807007,-0.07,-0.04,0.2,0.21
14.650349855422974,-0.06,-0.01,0.16,0.17
14.671857833862305,-0.01,0.04,0.08,0.09
14.67379903793335,0.03,-0.01,0.0,0.03
14.680477857589722,0.04,-0.09,-0.02,0.1
14.690475940704346,0.04,-0.04,0.0,0.05
14.700751781463623,0.04,0.08,-0.05,0.1
14.710087776184082,-0.02,0.13,-0.08,0.15
14.720623970031738,-0.07,0.11,-0.1,0.16
14.73059606552124,0.0,0.03,-0.15,0.15
14.74061107635498,0.1,-0.07,-0.17,0.2
14.74984884262085,0.12,-0.13,-0.27,0.32
14.771911859512329,0.09,-0.07,-0.3,0.32
14.773509979248047,0.04,0.03,-0.19,0.19
14.780323028564453,-0.02,0.07,-0.07,0.1
14.791224002838135,-0.05,0.09,0.03,0.1
14.799756050109863,-0.06,0.11,0.04,0.13
14.809576034545898,-0.07,0.08,0.07,0.12
14.820283889770508,-0.05,0.05,0.19,0.2
14.830275058746338,-0.03,0.05,0.41,0.41
14.840919971466064,-0.07,0.04,0.32,0.33
14.849446773529053,-0.03,-0.03,0.24,0.24
14.870902061462402,-0.01,-0.03,0.28,0.28
14.872536897659302,0.0,-0.02,0.26,0.26
14.879097938537598,-0.02,-0.01,0.26,0.26
14.890167951583862,-0.01,0.03,0.16,0.16
14.900074005126953,0.06,0.07,-0.02,0.09
14.909989833831787,0.09,0.07,-0.17,0.2
14.920748949050903,0.11,0.05,-0.25,0.27
14.929478883743286,0.1,0.04,-0.28,0.3
14.939157962799072,0.05,0.07,-0.25,0.26
14.950782775878906,0.01,0.1,-0.15,0.18
14.971982955932617,0.0,0.04,-0.03,0.05
14.973893880844116,0.02,-0.02,0.02,0.03
14.979645729064941,0.04,-0.03,0.08,0.09
14.988919734954834,-0.01,-0.02,0.11,0.11
14.999743938446045,-0.08,-0.04,0.19,0.21
15.009000778198242,-0.12,-0.04,0.26,0.28
15.019522905349731,-0.11,0.0,0.22,0.24
15.029675960540771,-0.05,0.04,0.14,0.15
15.038942813873291,-0.01,0.06,0.07,0.09
15.048876762390137,0.01,0.07,0.0,0.07
15.070284843444824,0.02,0.09,-0.04,0.1
15.072333812713623,0.02,0.11,-0.08,0.13
15.078894853591919,0.03,0.09,-0.04,0.1
15.08932876586914,0.03,0.05,0.0,0.05
15.099101066589355,0.03,0.0,-0.04,0.05
15.109278917312622,0.03,-0.06,-0.05,0.08
15.119159936904907,0.03,-0.07,-0.03,0.08
15.129289865493774,0.06,-0.06,-0.01,0.08
15.13908576965332,0.07,-0.03,0.01,0.07
15.149297952651978,0.04,-0.02,-0.03,0.05
15.170546054840088,-0.03,-0.01,-0.07,0.07
15.172806739807129,-0.06,0.02,0.0,0.06
15.178311824798584,-0.07,0.05,0.11,0.13
15.189071893692017,-0.08,0.06,0.15,0.18
15.198989868164062,-0.06,0.03,0.16,0.17
15.209073066711426,-0.03,-0.01,0.15,0.15
15.21899700164795,0.0,-0.02,0.11,0.11
15.228572845458984,0.0,-0.02,0.05,0.05
15.238976001739502,-0.02,0.0,-0.06,0.06
15.249774932861328,0.01,0.08,-0.05,0.09
15.270474910736084,0.05,0.12,0.01,0.13
15.272380828857422,0.0,0.09,0.02,0.09
15.278099060058594,-0.01,0.07,-0.02,0.07
15.288416862487793,-0.02,0.07,-0.01,0.07
15.298712730407715,-0.01,0.06,0.05,0.07
15.308764934539795,0.0,0.07,0.04,0.08
15.318713903427124,0.03,0.11,-0.09,0.14
15.32867693901062,0.01,0.1,-0.12,0.15
15.33861494064331,-0.01,0.07,-0.04,0.08
15.347837924957275,0.0,0.02,0.01,0.02
15.370203018188477,0.01,-0.01,0.05,0.05
15.372371912002563,-0.02,-0.06,0.08,0.1
15.377776861190796,-0.06,-0.1,0.14,0.18
15.388503074645996,-0.04,-0.11,0.19,0.22
15.397637844085693,-0.02,-0.11,0.18,0.21
15.40848684310913,0.0,-0.12,0.08,0.14
15.41826581954956,0.02,-0.08,0.01,0.08
15.428326845169067,0.04,0.01,0.02,0.04
15.438504934310913,0.04,0.02,0.03,0.05
15.447377920150757,0.03,-0.04,0.03,0.05
15.469700813293457,0.04,-0.01,0.04,0.05
15.471662998199463,0.02,0.05,0.01,0.05
15.477879047393799,-0.03,0.09,0.04,0.1
15.488286018371582,-0.08,0.12,0.08,0.16
15.498077869415283,-0.06,0.07,0.09,0.12
15.507461071014404,0.02,0.02,0.03,0.04
15.518057823181152,0.08,-0.03,-0.01,0.08
15.528111934661865,0.1,-0.06,0.0,0.11
15.537984848022461,0.03,-0.04,-0.01,0.05
15.547945022583008,-0.04,0.0,-0.08,0.08
15.569877862930298,-0.06,0.06,-0.14,0.16
15.572175979614258,-0.04,0.1,-0.09,0.14
15.577049732208252,0.0,0.1,-0.06,0.11
15.587203979492188,0.05,0.05,-0.12,0.13
15.597749948501587,0.08,0.01,-0.15,0.17
15.607446908950806,0.08,-0.01,-0.15,0.17
15.6177659034729,0.05,-0.03,-0.09,0.1
15.627028942108154,0.0,-0.05,0.02,0.05
15.637894868850708,-0.05,-0.02,0.13,0.14
15.6471848487854,-0.06,0.01,0.2,0.2
15.670395851135254,-0.03,0.02,0.18,0.18
15.672472953796387,-0.03,-0.01,0.14,0.14
15.677320003509521,0.0,-0.04,0.12,0.12
15.691431045532227,0.02,-0.05,0.12,0.13
15.697281837463379,0.02,-0.05,0.11,0.12
15.707369804382324,0.01,-0.05,0.05,0.07
15.718791961669922,-0.03,-0.03,0.03,0.05
15.727110862731934,-0.03,0.04,0.06,0.07
15.73802375793457,-0.01,0.05,0.04,0.06
15.746778964996338,0.01,0.03,0.0,0.03
15.770081043243408,0.04,0.05,-0.01,0.06
15.772333860397339,0.03,0.04,-0.02,0.05
15.776502847671509,0.01,0.02,-0.1,0.1
15.787147998809814,0.0,-0.01,-0.12,0.12
15.797242879867554,0.01,-0.02,-0.13,0.13
15.806802749633789,0.01,0.0,-0.13,0.13
15.81683087348938,0.0,0.03,-0.13,0.13
15.826937913894653,-0.03,0.07,-0.09,0.11
15.836989879608154,-0.06,0.09,0.0,0.1
15.846900939941406,-0.1,0.07,0.13,0.17
15.868979930877686,-0.1,0.06,0.18,0.21
15.871119022369385,-0.03,0.06,0.14,0.15
15.875866889953613,0.02,0.04,0.12,0.12
15.88662576675415,0.0,0.02,0.12,0.12
15.896636962890625,-0.03,0.01,0.21,0.21
15.906840801239014,-0.05,-0.02,0.26,0.26
15.916516780853271,-0.05,-0.02,0.18,0.18
15.926167964935303,0.01,0.02,0.08,0.08
15.935926914215088,0.06,0.08,0.04,0.1
15.946022033691406,0.05,0.11,-0.01,0.12
15.968240737915039,0.01,0.09,-0.04,0.09
15.970407962799072,0.02,0.1,-0.02,0.1
15.975964069366455,0.05,0.12,-0.02,0.13
15.986410856246948,0.05,0.1,-0.05,0.12
15.99654483795166,0.02,0.07,-0.08,0.1
16.006378889083862,0.03,0.04,-0.08,0.09
16.016660928726196,0.06,0.03,-0.02,0.06
16.026443004608154,0.04,-0.01,0.04,0.05
16.037405967712402,0.03,-0.03,0.09,0.09
16.045801877975464,0.04,-0.01,0.07,0.08
16.068902015686035,0.02,0.04,0.04,0.06
16.071105003356934,-0.01,0.05,0.07,0.08
16.07561492919922,-0.06,0.02,0.11,0.12
16.08585786819458,-0.07,0.04,0.1,0.12
16.09542989730835,-0.03,0.04,0.06,0.07
16.106108903884888,-0.02,0.02,0.06,0.06
16.115397930145264,-0.03,-0.01,0.05,0.05
16.12695074081421,-0.04,-0.04,0.02,0.06
16.13671588897705,-0.03,-0.04,0.01,0.05
16.145572900772095,0.01,0.0,0.02,0.02
16.168684005737305,0.03,0.02,0.07,0.07
16.17080307006836,-0.01,0.02,0.08,0.08
16.17500877380371,-0.02,0.03,0.03,0.04
16.18587875366211,-0.01,0.02,0.02,0.03
16.195857048034668,0.0,0.04,0.08,0.08
16.205143928527832,-0.01,0.07,0.05,0.08
16.21509075164795,0.01,0.03,0.04,0.05
16.226792812347412,0.05,-0.07,-0.02,0.08
16.234984874725342,0.09,-0.12,-0.08,0.17
16.246785879135132,0.12,-0.06,-0.1,0.16
16.267473936080933,0.09,-0.02,-0.12,0.15
16.269171953201294,0.02,0.03,-0.08,0.08
16.275230884552002,-0.04,0.06,0.02,0.07
16.28488302230835,-0.02,0.01,0.05,0.05
16.29559898376465,0.06,-0.08,0.0,0.1
16.30477786064148,0.07,-0.13,-0.01,0.14
16.315473079681396,0.02,-0.09,0.02,0.09
16.325459957122803,-0.06,-0.02,-0.01,0.06
16.335339069366455,-0.11,0.07,-0.05,0.13
16.345252990722656,-0.11,0.12,-0.04,0.16
16.3665189743042,-0.05,0.09,-0.03,0.1
16.368645906448364,0.01,0.04,0.01,0.04
16.37504291534424,0.06,0.0,0.05,0.07
16.38521099090576,0.08,-0.02,0.12,0.14
16.394643783569336,0.04,-0.04,0.19,0.19
16.40512990951538,0.02,-0.01,0.24,0.24
16.415283918380737,0.0,0.01,0.27,0.27
16.425071954727173,-0.02,0.01,0.31,0.31
16.43435287475586,-0.05,-0.01,0.26,0.26
16.44615888595581,-0.04,0.01,0.16,0.16
16.466039896011353,-0.01,0.02,0.05,0.05
16.46792697906494,0.02,0.0,0.0,0.02
16.475299835205078,0.04,0.01,-0.03,0.05
16.484971046447754,0.05,0.03,-0.15,0.16
16.494881868362427,0.03,0.04,-0.24,0.24
16.504782915115356,0.01,0.1,-0.27,0.28
16.514636039733887,0.01,0.09,-0.22,0.23
16.52482295036316,0.02,-0.01,-0.14,0.14
16.53504490852356,0.04,-0.07,-0.03,0.08
16.544736862182617,0.06,-0.04,0.04,0.08
16.565757751464844,-0.01,-0.04,0.1,0.1
16.567729949951172,-0.09,-0.01,0.14,0.16
16.57474184036255,-0.11,0.04,0.21,0.24
16.584571838378906,-0.11,0.05,0.24,0.26
16.5945987701416,-0.09,0.04,0.18,0.2
16.60438084602356,-0.05,0.04,0.09,0.11
16.614503860473633,-0.02,0.03,-0.03,0.04
16.624254941940308,-0.02,0.01,-0.07,0.07
16.634424924850464,-0.03,-0.01,-0.06,0.06
16.643675804138184,-0.02,-0.01,-0.1,0.1
16.66665291786194,-0.02,-0.02,-0.17,0.17
16.66849684715271,0.0,-0.03,-0.25,0.25
16.67358684539795,0.01,-0.02,-0.26,0.26
16.683400869369507,-0.01,-0.03,-0.28,0.28
16.69428586959839,0.0,-0.04,-0.31,0.31
16.704336881637573,0.02,-0.04,-0.35,0.35
16.7140109539032,-0.01,-0.03,-0.35,0.35
16.724239826202393,-0.02,-0.01,-0.3,0.3
16.734123945236206,-0.01,-0.02,-0.32,0.32
16.743351936340332,0.0,0.0,-0.33,0.33
16.76656198501587,-0.01,0.01,-0.3,0.3
16.76879096031189,-0.01,0.02,-0.23,0.23
16.773876905441284,0.0,0.01,-0.16,0.16
16.783775806427002,0.0,-0.02,-0.13,0.13
16.793861865997314,-0.01,-0.07,-0.13,0.14
16.803833961486816,0.01,-0.08,-0.16,0.17
16.813769817352295,0.03,-0.06,-0.19,0.2
16.82378578186035,0.04,-0.08,-0.26,0.27
16.83379077911377,0.03,-0.1,-0.31,0.32
16.84489893913269,0.02,-0.08,-0.33,0.34
16.86443591117859,0.02,-0.08,-0.27,0.28
16.86621904373169,0.02,-0.07,-0.28,0.28
16.873794078826904,0.04,-0.05,-0.36,0.36
16.883503913879395,0.06,-0.05,-0.48,0.48
16.893049955368042,0.05,-0.07,-0.55,0.55
16.903568744659424,0.03,-0.06,-0.6,0.6
16.913490772247314,0.02,-0.02,-0.59,0.59
16.92352294921875,0.0,0.03,-0.61,0.61
16.932737827301025,0.02,0.0,-0.64,0.64
16.94368290901184,0.02,-0.08,-0.66,0.66
16.966413974761963,0.01,-0.09,-0.54,0.54
16.968169927597046,-0.04,-0.1,-0.43,0.44
16.972380876541138,-0.04,-0.09,-0.48,0.49
16.983166933059692,-0.02,-0.03,-0.57,0.57
16.993222951889038,0.02,-0.02,-0.58,0.58
17.003132820129395,0.06,-0.11,-0.54,0.55
17.013109922409058,0.08,-0.17,-0.45,0.48
17.02287483215332,0.08,-0.16,-0.41,0.44
17.032927989959717,0.04,-0.1,-0.43,0.44
17.04382586479187,-0.07,-0.02,-0.41,0.41
17.065025806427002,-0.17,-0.01,-0.4,0.43
17.066850900650024,-0.15,0.07,-0.47,0.49
17.072096824645996,-0.02,0.1,-0.57,0.57
17.082159996032715,0.01,0.06,-0.6,0.6
17.09260892868042,0.03,-0.02,-0.54,0.54
17.10277795791626,0.05,-0.07,-0.48,0.48
17.1128089427948,0.01,-0.1,-0.45,0.46
17.123537063598633,-0.04,-0.13,-0.42,0.44
17.132833003997803,-0.05,-0.14,-0.48,0.5
17.142895936965942,0.0,-0.09,-0.59,0.59
17.16309404373169,0.04,-0.03,-0.72,0.72
17.16529393196106,0.06,0.0,-0.77,0.77
17.171923875808716,0.08,0.01,-0.81,0.81
17.182474851608276,0.05,-0.01,-0.77,0.77
17.191877841949463,0.0,-0.07,-0.6,0.6
17.202480792999268,-0.01,-0.06,-0.5,0.5
17.212470054626465,0.02,0.02,-0.46,0.46
17.222428798675537,0.0,0.04,-0.42,0.42
17.23252296447754,-0.02,-0.06,-0.33,0.33
17.2422137260437,-0.01,-0.07,-0.2,0.21
17.263797760009766,0.0,-0.03,-0.1,0.1
17.266057014465332,-0.06,-0.07,-0.09,0.12
17.272151947021484,-0.09,-0.12,-0.2,0.25
17.282175064086914,-0.05,-0.1,-0.31,0.32
17.292190074920654,-0.02,-0.05,-0.38,0.38
17.30191993713379,-0.02,-0.02,-0.44,0.44
17.311925888061523,-0.02,-0.01,-0.54,0.54
17.322264909744263,0.06,-0.02,-0.74,0.74
17.331979751586914,0.15,-0.01,-0.94,0.95
17.341423988342285,0.18,-0.04,-1.06,1.07
17.3625009059906,0.19,-0.03,-1.06,1.07
17.36391592025757,0.13,-0.02,-0.97,0.97
17.372009754180908,0.03,-0.03,-0.75,0.75
17.381759881973267,-0.03,-0.03,-0.52,0.52
17.3917498588562,-0.08,-0.03,-0.33,0.34
17.401147842407227,-0.1,-0.05,-0.25,0.27
17.411824941635132,-0.03,0.0,-0.28,0.28
17.421701908111572,-0.03,-0.02,-0.26,0.26
17.43168592453003,-0.08,-0.06,-0.18,0.2
17.442452907562256,-0.08,-0.05,-0.09,0.13
17.463196754455566,-0.04,-0.02,-0.07,0.08
17.46502685546875,-0.02,0.0,-0.17,0.17
17.471338748931885,-0.02,-0.02,-0.3,0.3
17.481520891189575,-0.01,-0.05,-0.39,0.39
17.490869998931885,0.02,-0.06,-0.47,0.47
17.501516819000244,0.08,-0.05,-0.61,0.61
17.511369943618774,0.1,-0.05,-0.7,0.7
17.52131175994873,0.1,-0.06,-0.75,0.75
17.530618906021118,0.1,-0.01,-0.8,0.8
17.542072772979736,0.08,-0.01,-0.77,0.77
17.563217878341675,0.06,0.03,-0.76,0.76
17.565063953399658,0.05,0.07,-0.69,0.69
17.570539951324463,0.03,0.09,-0.6,0.6
17.580736875534058,0.01,0.06,-0.55,0.55
17.591181755065918,-0.04,-0.03,-0.42,0.42
17.60113787651062,-0.07,-0.11,-0.31,0.33
17.611130952835083,-0.06,-0.11,-0.27,0.29
17.621309757232666,-0.02,-0.07,-0.37,0.37
17.632102012634277,0.0,-0.09,-0.43,0.43
17.641279935836792,-0.03,-0.15,-0.37,0.4
17.663529872894287,-0.03,-0.1,-0.31,0.32
17.665283918380737,-0.02,0.02,-0.41,0.41
17.670475959777832,-0.06,0.08,-0.48,0.49
17.680203914642334,-0.09,0.08,-0.39,0.4
17.690351963043213,-0.06,0.0,-0.27,0.27
17.70038890838623,0.07,-0.11,-0.34,0.36
17.7110378742218,0.17,-0.17,-0.56,0.6
17.720839023590088,0.17,-0.1,-0.69,0.71
17.730865955352783,0.07,0.03,-0.72,0.72
17.74024772644043,-0.02,0.15,-0.71,0.72
17.763524055480957,-0.04,0.18,-0.69,0.71
17.765395879745483,-0.03,0.14,-0.67,0.68
17.770813941955566,0.02,0.06,-0.64,0.64
17.780008792877197,0.04,-0.03,-0.57,0.57
17.790727853775024,0.06,-0.09,-0.48,0.49
17.80074405670166,0.05,-0.08,-0.42,0.43
17.810708045959473,0.0,-0.04,-0.34,0.34
17.820559978485107,-0.03,-0.01,-0.29,0.29
17.83055305480957,-0.04,0.01,-0.26,0.26
17.841392993927002,-0.06,0.01,-0.24,0.24
17.86366081237793,-0.05,-0.01,-0.27,0.27
17.865521907806396,-0.03,-0.03,-0.33,0.33
17.869784832000732,0.01,-0.04,-0.38,0.38
17.880396842956543,0.0,-0.06,-0.4,0.4
17.889582872390747,-0.01,-0.06,-0.41,0.41
17.900145053863525,-0.01,0.02,-0.52,0.52
17.90968894958496,0.04,0.11,-0.6,0.61
17.920304775238037,0.06,0.04,-0.68,0.68
17.92953872680664,0.06,-0.05,-0.68,0.68
17.940550804138184,0.04,-0.09,-0.57,0.57
17.964115858078003,0.02,-0.07,-0.48,0.48
17.96591281890869,0.02,-0.04,-0.51,0.51
17.969271898269653,-0.01,-0.02,-0.53,0.53
17.979846000671387,0.04,0.02,-0.56,0.56
17.98991584777832,0.03,0.04,-0.5,0.5
18.00001096725464,0.01,-0.02,-0.44,0.44
18.01004695892334,0.03,-0.03,-0.52,0.52
18.019574880599976,0.03,-0.01,-0.54,0.54
18.02920889854431,0.0,-0.03,-0.45,0.45
18.040605068206787,-0.02,-0.03,-0.32,0.32
18.063387870788574,-0.04,-0.06,-0.3,0.3
18.065258026123047,-0.01,-0.06,-0.4,0.4
18.06944704055786,-0.01,-0.03,-0.44,0.44
18.079792022705078,-0.02,-0.02,-0.46,0.46
18.089706897735596,0.01,-0.01,-0.47,0.47
18.099119901657104,0.01,-0.02,-0.51,0.51
18.1095929145813,0.03,-0.02,-0.49,0.49
18.118878841400146,0.02,-0.03,-0.48,0.48
18.12960195541382,0.0,-0.05,-0.57,0.57
18.14046001434326,-0.01,-0.04,-0.58,0.58
18.16243076324463,-0.03,0.01,-0.52,0.52
18.164363861083984,-0.02,0.03,-0.48,0.48
18.168526887893677,0.01,0.02,-0.51,0.51
18.1787428855896,0.05,0.02,-0.6,0.6
18.189478874206543,0.06,0.0,-0.63,0.63
18.1993088722229,0.04,-0.01,-0.58,0.58
18.209404945373535,0.02,-0.05,-0.53,0.53
18.220540046691895,0.01,-0.06,-0.48,0.48
18.229151725769043,0.01,-0.03,-0.47,0.47
18.239328861236572,-0.02,-0.04,-0.46,0.46
18.26096773147583,-0.05,-0.04,-0.39,0.39
18.262285947799683,-0.06,-0.03,-0.34,0.34
18.268563747406006,-0.02,0.0,-0.38,0.38
18.27913475036621,-0.01,0.0,-0.45,0.45
18.288400888442993,0.0,0.0,-0.46,0.46
18.298686981201172,0.02,0.0,-0.46,0.46
18.308446884155273,0.03,-0.04,-0.5,0.5
18.319782733917236,0.03,-0.12,-0.57,0.58
18.328787803649902,0.04,-0.09,-0.51,0.51
18.339098930358887,0.03,0.04,-0.44,0.44
18.362817764282227,-0.01,0.1,-0.42,0.43
18.36452007293701,-0.07,0.08,-0.44,0.45
18.367938995361328,-0.03,0.01,-0.47,0.47
18.378224849700928,0.05,-0.1,-0.49,0.5
18.388954877853394,0.13,-0.22,-0.53,0.58
18.39797592163086,0.17,-0.21,-0.67,0.72
18.408123016357422,0.13,-0.11,-0.75,0.76
18.418787002563477,0.0,0.02,-0.73,0.73
18.428260803222656,-0.1,0.13,-0.62,0.64
18.4393630027771,-0.11,0.2,-0.5,0.54
18.46205472946167,-0.05,0.18,-0.41,0.45
18.46391773223877,-0.03,0.09,-0.36,0.37
18.467319011688232,-0.05,-0.07,-0.22,0.23
18.477604866027832,-0.01,-0.19,-0.12,0.22
18.488518953323364,0.06,-0.16,-0.19,0.25
18.49795389175415,0.08,-0.1,-0.34,0.36
18.508445739746094,0.03,-0.04,-0.41,0.41
18.51818585395813,0.0,0.01,-0.39,0.39
18.527621746063232,-0.01,0.06,-0.4,0.4
18.538367748260498,-0.01,0.07,-0.44,0.44
18.562443733215332,0.0,0.04,-0.5,0.5
18.564341068267822,0.04,0.03,-0.59,0.59
18.56739377975464,0.06,0.01,-0.64,0.64
18.577584743499756,0.02,-0.05,-0.66,0.66
18.58796191215515,0.02,-0.01,-0.67,0.67
18.598073959350586,0.04,0.02,-0.68,0.68
18.608036041259766,0.02,-0.07,-0.64,0.64
18.617953777313232,0.04,-0.09,-0.48,0.49
18.628371953964233,0.04,-0.05,-0.35,0.35
18.63872480392456,-0.02,-0.07,-0.3,0.3
18.66168785095215,-0.03,-0.05,-0.37,0.37
18.66359281539917,-0.05,-0.01,-0.34,0.34
18.66709589958191,-0.1,-0.03,-0.23,0.25
18.677265882492065,-0.06,0.06,-0.22,0.23
18.68781280517578,-0.01,0.09,-0.32,0.33
18.69771695137024,-0.02,0.06,-0.39,0.39
18.707107067108154,0.0,0.0,-0.42,0.42
18.71781587600708,0.06,-0.02,-0.38,0.38
18.727893829345703,0.1,-0.03,-0.35,0.36
18.737506866455078,0.06,-0.07,-0.27,0.28
18.763630867004395,-0.02,-0.1,0.06,0.11
18.765498876571655,0.02,-0.06,0.0,0.06
18.76801085472107,-0.1,-0.36,-1.42,1.46
18.77691888809204,0.19,-0.23,-0.63,0.69
18.787367820739746,0.17,0.12,0.57,0.6
18.797371864318848,-0.07,0.12,0.27,0.3
18.807456016540527,-0.15,0.31,0.0,0.34
18.817413806915283,-0.16,0.43,-0.11,0.47
18.82745885848999,0.22,0.27,-0.14,0.37
